Executing action: all (aliases: build)
Running ninja in directory D:\aijiaohu\week1\firmware\esp32_imu\build
Executing "ninja all"...
[0/1] Re-running CMake...

-- git rev-parse returned 'fatal: not a git repository (or any of the parent directories): .git'
-- Could not use 'git describe' to determine PROJECT_VER.
-- Building ESP-IDF components for target esp32s3
NOTICE: Processing 3 dependencies:

NOTICE: [1/3] espressif/esp32-camera (2.1.7)

NOTICE: [2/3] espressif/esp_jpeg (1.3.1)

NOTICE: [3/3] idf (5.4.4)

-- Project sdkconfig file D:/aijiaohu/week1/firmware/esp32_imu/sdkconfig
-- Compiler supported targets: xtensa-esp-elf
-- USING O3
-- App "esp32_imu" version: 1
-- Adding linker script D:/aijiaohu/week1/firmware/esp32_imu/build/esp-idf/esp_system/ld/memory.ld
-- Adding linker script D:/aijiaohu/week1/firmware/esp32_imu/build/esp-idf/esp_system/ld/sections.ld.in
-- Adding linker script D:/gongju/Espressif/frameworks/esp-idf-v5.4.4/components/esp_rom/esp32s3/ld/esp32s3.rom.ld
-- Adding linker script D:/gongju/Espressif/frameworks/esp-idf-v5.4.4/components/esp_rom/esp32s3/ld/esp32s3.rom.api.ld
-- Adding linker script D:/gongju/Espressif/frameworks/esp-idf-v5.4.4/components/esp_rom/esp32s3/ld/esp32s3.rom.bt_funcs.ld
-- Adding linker script D:/gongju/Espressif/frameworks/esp-idf-v5.4.4/components/esp_rom/esp32s3/ld/esp32s3.rom.libgcc.ld
-- Adding linker script D:/gongju/Espressif/frameworks/esp-idf-v5.4.4/components/esp_rom/esp32s3/ld/esp32s3.rom.wdt.ld
-- Adding linker script D:/gongju/Espressif/frameworks/esp-idf-v5.4.4/components/esp_rom/esp32s3/ld/esp32s3.rom.version.ld
-- Adding linker script D:/gongju/Espressif/frameworks/esp-idf-v5.4.4/components/esp_rom/esp32s3/ld/esp32s3.rom.ble_master.ld
-- Adding linker script D:/gongju/Espressif/frameworks/esp-idf-v5.4.4/components/esp_rom/esp32s3/ld/esp32s3.rom.ble_50.ld
-- Adding linker script D:/gongju/Espressif/frameworks/esp-idf-v5.4.4/components/esp_rom/esp32s3/ld/esp32s3.rom.ble_smp.ld
-- Adding linker script D:/gongju/Espressif/frameworks/esp-idf-v5.4.4/components/esp_rom/esp32s3/ld/esp32s3.rom.ble_dtm.ld
-- Adding linker script D:/gongju/Espressif/frameworks/esp-idf-v5.4.4/components/esp_rom/esp32s3/ld/esp32s3.rom.ble_test.ld
-- Adding linker script D:/gongju/Espressif/frameworks/esp-idf-v5.4.4/components/esp_rom/esp32s3/ld/esp32s3.rom.ble_scan.ld
-- Adding linker script D:/gongju/Espressif/frameworks/esp-idf-v5.4.4/components/esp_rom/esp32s3/ld/esp32s3.rom.newlib.ld
-- Adding linker script D:/gongju/Espressif/frameworks/esp-idf-v5.4.4/components/soc/esp32s3/ld/esp32s3.peripherals.ld
-- Components: app_trace app_update bootloader bootloader_support bt cmock console cxx driver efuse esp-tls esp_adc esp_app_format esp_bootloader_format esp_coex esp_common esp_driver_ana_cmpr esp_driver_cam esp_driver_dac esp_driver_gpio esp_driver_gptimer esp_driver_i2c esp_driver_i2s esp_driver_isp esp_driver_jpeg esp_driver_ledc esp_driver_mcpwm esp_driver_parlio esp_driver_pcnt esp_driver_ppa esp_driver_rmt esp_driver_sdio esp_driver_sdm esp_driver_sdmmc esp_driver_sdspi esp_driver_spi esp_driver_touch_sens esp_driver_tsens esp_driver_uart esp_driver_usb_serial_jtag esp_eth esp_event esp_gdbstub esp_hal_ieee802154 esp_hid esp_http_client esp_http_server esp_https_ota esp_https_server esp_hw_support esp_lcd esp_local_ctrl esp_mm esp_netif esp_netif_stack esp_partition esp_phy esp_pm esp_psram esp_ringbuf esp_rom esp_security esp_system esp_timer esp_vfs_console esp_wifi espcoredump espressif__esp32-camera espressif__esp_jpeg esptool_py fatfs freertos hal heap http_parser idf_test ieee802154 json log lwip main mbedtls mqtt newlib nvs_flash nvs_sec_provider openthread partition_table perfmon protobuf-c protocomm pthread rt sdmmc soc spi_flash spiffs tcp_transport touch_element ulp unity usb vfs wear_levelling wifi_provisioning wpa_supplicant xtensa
-- Component paths: D:/gongju/Espressif/frameworks/esp-idf-v5.4.4/components/app_trace D:/gongju/Espressif/frameworks/esp-idf-v5.4.4/components/app_update D:/gongju/Espressif/frameworks/esp-idf-v5.4.4/components/bootloader D:/gongju/Espressif/frameworks/esp-idf-v5.4.4/components/bootloader_support D:/gongju/Espressif/frameworks/esp-idf-v5.4.4/components/bt D:/gongju/Espressif/frameworks/esp-idf-v5.4.4/components/cmock D:/gongju/Espressif/frameworks/esp-idf-v5.4.4/components/console D:/gongju/Espressif/frameworks/esp-idf-v5.4.4/components/cxx D:/gongju/Espressif/frameworks/esp-idf-v5.4.4/components/driver D:/gongju/Espressif/frameworks/esp-idf-v5.4.4/components/efuse D:/gongju/Espressif/frameworks/esp-idf-v5.4.4/components/esp-tls D:/gongju/Espressif/frameworks/esp-idf-v5.4.4/components/esp_adc D:/gongju/Espressif/frameworks/esp-idf-v5.4.4/components/esp_app_format D:/gongju/Espressif/frameworks/esp-idf-v5.4.4/components/esp_bootloader_format D:/gongju/Espressif/frameworks/esp-idf-v5.4.4/components/esp_coex D:/gongju/Espressif/frameworks/esp-idf-v5.4.4/components/esp_common D:/gongju/Espressif/frameworks/esp-idf-v5.4.4/components/esp_driver_ana_cmpr D:/gongju/Espressif/frameworks/esp-idf-v5.4.4/components/esp_driver_cam D:/gongju/Espressif/frameworks/esp-idf-v5.4.4/components/esp_driver_dac D:/gongju/Espressif/frameworks/esp-idf-v5.4.4/components/esp_driver_gpio D:/gongju/Espressif/frameworks/esp-idf-v5.4.4/components/esp_driver_gptimer D:/gongju/Espressif/frameworks/esp-idf-v5.4.4/components/esp_driver_i2c D:/gongju/Espressif/frameworks/esp-idf-v5.4.4/components/esp_driver_i2s D:/gongju/Espressif/frameworks/esp-idf-v5.4.4/components/esp_driver_isp D:/gongju/Espressif/frameworks/esp-idf-v5.4.4/components/esp_driver_jpeg D:/gongju/Espressif/frameworks/esp-idf-v5.4.4/components/esp_driver_ledc D:/gongju/Espressif/frameworks/esp-idf-v5.4.4/components/esp_driver_mcpwm D:/gongju/Espressif/frameworks/esp-idf-v5.4.4/components/esp_driver_parlio D:/gongju/Espressif/frameworks/esp-idf-v5.4.4/components/esp_driver_pcnt D:/gongju/Espressif/frameworks/esp-idf-v5.4.4/components/esp_driver_ppa D:/gongju/Espressif/frameworks/esp-idf-v5.4.4/components/esp_driver_rmt D:/gongju/Espressif/frameworks/esp-idf-v5.4.4/components/esp_driver_sdio D:/gongju/Espressif/frameworks/esp-idf-v5.4.4/components/esp_driver_sdm D:/gongju/Espressif/frameworks/esp-idf-v5.4.4/components/esp_driver_sdmmc D:/gongju/Espressif/frameworks/esp-idf-v5.4.4/components/esp_driver_sdspi D:/gongju/Espressif/frameworks/esp-idf-v5.4.4/components/esp_driver_spi D:/gongju/Espressif/frameworks/esp-idf-v5.4.4/components/esp_driver_touch_sens D:/gongju/Espressif/frameworks/esp-idf-v5.4.4/components/esp_driver_tsens D:/gongju/Espressif/frameworks/esp-idf-v5.4.4/components/esp_driver_uart D:/gongju/Espressif/frameworks/esp-idf-v5.4.4/components/esp_driver_usb_serial_jtag D:/gongju/Espressif/frameworks/esp-idf-v5.4.4/components/esp_eth D:/gongju/Espressif/frameworks/esp-idf-v5.4.4/components/esp_event D:/gongju/Espressif/frameworks/esp-idf-v5.4.4/components/esp_gdbstub D:/gongju/Espressif/frameworks/esp-idf-v5.4.4/components/esp_hal_ieee802154 D:/gongju/Espressif/frameworks/esp-idf-v5.4.4/components/esp_hid D:/gongju/Espressif/frameworks/esp-idf-v5.4.4/components/esp_http_client D:/gongju/Espressif/frameworks/esp-idf-v5.4.4/components/esp_http_server D:/gongju/Espressif/frameworks/esp-idf-v5.4.4/components/esp_https_ota D:/gongju/Espressif/frameworks/esp-idf-v5.4.4/components/esp_https_server D:/gongju/Espressif/frameworks/esp-idf-v5.4.4/components/esp_hw_support D:/gongju/Espressif/frameworks/esp-idf-v5.4.4/components/esp_lcd D:/gongju/Espressif/frameworks/esp-idf-v5.4.4/components/esp_local_ctrl D:/gongju/Espressif/frameworks/esp-idf-v5.4.4/components/esp_mm D:/gongju/Espressif/frameworks/esp-idf-v5.4.4/components/esp_netif D:/gongju/Espressif/frameworks/esp-idf-v5.4.4/components/esp_netif_stack D:/gongju/Espressif/frameworks/esp-idf-v5.4.4/components/esp_partition D:/gongju/Espressif/frameworks/esp-idf-v5.4.4/components/esp_phy D:/gongju/Espressif/frameworks/esp-idf-v5.4.4/components/esp_pm D:/gongju/Espressif/frameworks/esp-idf-v5.4.4/components/esp_psram D:/gongju/Espressif/frameworks/esp-idf-v5.4.4/components/esp_ringbuf D:/gongju/Espressif/frameworks/esp-idf-v5.4.4/components/esp_rom D:/gongju/Espressif/frameworks/esp-idf-v5.4.4/components/esp_security D:/gongju/Espressif/frameworks/esp-idf-v5.4.4/components/esp_system D:/gongju/Espressif/frameworks/esp-idf-v5.4.4/components/esp_timer D:/gongju/Espressif/frameworks/esp-idf-v5.4.4/components/esp_vfs_console D:/gongju/Espressif/frameworks/esp-idf-v5.4.4/components/esp_wifi D:/gongju/Espressif/frameworks/esp-idf-v5.4.4/components/espcoredump D:/aijiaohu/week1/firmware/esp32_imu/managed_components/espressif__esp32-camera D:/aijiaohu/week1/firmware/esp32_imu/managed_components/espressif__esp_jpeg D:/gongju/Espressif/frameworks/esp-idf-v5.4.4/components/esptool_py D:/gongju/Espressif/frameworks/esp-idf-v5.4.4/components/fatfs D:/gongju/Espressif/frameworks/esp-idf-v5.4.4/components/freertos D:/gongju/Espressif/frameworks/esp-idf-v5.4.4/components/hal D:/gongju/Espressif/frameworks/esp-idf-v5.4.4/components/heap D:/gongju/Espressif/frameworks/esp-idf-v5.4.4/components/http_parser D:/gongju/Espressif/frameworks/esp-idf-v5.4.4/components/idf_test D:/gongju/Espressif/frameworks/esp-idf-v5.4.4/components/ieee802154 D:/gongju/Espressif/frameworks/esp-idf-v5.4.4/components/json D:/gongju/Espressif/frameworks/esp-idf-v5.4.4/components/log D:/gongju/Espressif/frameworks/esp-idf-v5.4.4/components/lwip D:/aijiaohu/week1/firmware/esp32_imu/main D:/gongju/Espressif/frameworks/esp-idf-v5.4.4/components/mbedtls D:/gongju/Espressif/frameworks/esp-idf-v5.4.4/components/mqtt D:/gongju/Espressif/frameworks/esp-idf-v5.4.4/components/newlib D:/gongju/Espressif/frameworks/esp-idf-v5.4.4/components/nvs_flash D:/gongju/Espressif/frameworks/esp-idf-v5.4.4/components/nvs_sec_provider D:/gongju/Espressif/frameworks/esp-idf-v5.4.4/components/openthread D:/gongju/Espressif/frameworks/esp-idf-v5.4.4/components/partition_table D:/gongju/Espressif/frameworks/esp-idf-v5.4.4/components/perfmon D:/gongju/Espressif/frameworks/esp-idf-v5.4.4/components/protobuf-c D:/gongju/Espressif/frameworks/esp-idf-v5.4.4/components/protocomm D:/gongju/Espressif/frameworks/esp-idf-v5.4.4/components/pthread D:/gongju/Espressif/frameworks/esp-idf-v5.4.4/components/rt D:/gongju/Espressif/frameworks/esp-idf-v5.4.4/components/sdmmc D:/gongju/Espressif/frameworks/esp-idf-v5.4.4/components/soc D:/gongju/Espressif/frameworks/esp-idf-v5.4.4/components/spi_flash D:/gongju/Espressif/frameworks/esp-idf-v5.4.4/components/spiffs D:/gongju/Espressif/frameworks/esp-idf-v5.4.4/components/tcp_transport D:/gongju/Espressif/frameworks/esp-idf-v5.4.4/components/touch_element D:/gongju/Espressif/frameworks/esp-idf-v5.4.4/components/ulp D:/gongju/Espressif/frameworks/esp-idf-v5.4.4/components/unity D:/gongju/Espressif/frameworks/esp-idf-v5.4.4/components/usb D:/gongju/Espressif/frameworks/esp-idf-v5.4.4/components/vfs D:/gongju/Espressif/frameworks/esp-idf-v5.4.4/components/wear_levelling D:/gongju/Espressif/frameworks/esp-idf-v5.4.4/components/wifi_provisioning D:/gongju/Espressif/frameworks/esp-idf-v5.4.4/components/wpa_supplicant D:/gongju/Espressif/frameworks/esp-idf-v5.4.4/components/xtensa
-- Configuring done (37.9s)
-- Generating done (11.1s)
-- Build files have been written to: D:/aijiaohu/week1/firmware/esp32_imu/build
[1/1056] Generating D:/aijiaohu/week1/firmware/esp32_imu/build/esp-idf/esp_system/ld/memory.ld linker script...

[2/1056] Generating D:/aijiaohu/week1/firmware/esp32_imu/build/esp-idf/esp_system/ld/sections.ld.in linker script...

[3/1056] Building C object esp-idf/esp_http_server/CMakeFiles/__idf_esp_http_server.dir/src/httpd_parse.c.obj

[4/1056] Building C object esp-idf/esp_http_server/CMakeFiles/__idf_esp_http_server.dir/src/util/ctrl_sock.c.obj

[5/1056] Building C object esp-idf/esp_psram/CMakeFiles/__idf_esp_psram.dir/esp32s3/esp_psram_impl_octal.c.obj

[6/1056] Building C object esp-idf/esp_psram/CMakeFiles/__idf_esp_psram.dir/esp_psram.c.obj

[7/1056] Building C object esp-idf/esp_http_server/CMakeFiles/__idf_esp_http_server.dir/src/httpd_main.c.obj

[8/1056] Building C object esp-idf/esp_http_client/CMakeFiles/__idf_esp_http_client.dir/lib/http_header.c.obj

[9/1056] Building C object esp-idf/esp_http_client/CMakeFiles/__idf_esp_http_client.dir/lib/http_utils.c.obj

[10/1056] Building C object esp-idf/esp_psram/CMakeFiles/__idf_esp_psram.dir/mmu_psram_flash.c.obj

[11/1056] Building C object esp-idf/tcp_transport/CMakeFiles/__idf_tcp_transport.dir/transport_socks_proxy.c.obj

[12/1056] Building C object esp-idf/esp_adc/CMakeFiles/__idf_esp_adc.dir/adc_oneshot.c.obj

[13/1056] Building C object esp-idf/esp_http_server/CMakeFiles/__idf_esp_http_server.dir/src/httpd_ws.c.obj

[14/1056] Building C object esp-idf/esp_http_client/CMakeFiles/__idf_esp_http_client.dir/lib/http_auth.c.obj

[15/1056] Building C object esp-idf/esp_http_server/CMakeFiles/__idf_esp_http_server.dir/src/httpd_sess.c.obj

[16/1056] Building C object esp-idf/tcp_transport/CMakeFiles/__idf_tcp_transport.dir/transport.c.obj

[17/1056] Building C object esp-idf/tcp_transport/CMakeFiles/__idf_tcp_transport.dir/transport_internal.c.obj

[18/1056] Building C object esp-idf/tcp_transport/CMakeFiles/__idf_tcp_transport.dir/transport_ssl.c.obj

[19/1056] Building C object esp-idf/esp_http_server/CMakeFiles/__idf_esp_http_server.dir/src/httpd_txrx.c.obj

[20/1056] Building C object esp-idf/tcp_transport/CMakeFiles/__idf_tcp_transport.dir/transport_ws.c.obj

[21/1056] Building C object esp-idf/esp_https_ota/CMakeFiles/__idf_esp_https_ota.dir/src/esp_https_ota.c.obj

[22/1056] Building C object esp-idf/esp_http_server/CMakeFiles/__idf_esp_http_server.dir/src/httpd_uri.c.obj

[23/1056] Building C object esp-idf/esp_http_client/CMakeFiles/__idf_esp_http_client.dir/esp_http_client.c.obj

[24/1056] Building C object esp-idf/esp_adc/CMakeFiles/__idf_esp_adc.dir/adc_common.c.obj

[25/1056] Building C object esp-idf/esp_adc/CMakeFiles/__idf_esp_adc.dir/adc_cali_curve_fitting.c.obj

[26/1056] Building C object esp-idf/esp_adc/CMakeFiles/__idf_esp_adc.dir/adc_cali.c.obj

[27/1056] Building C object esp-idf/esp_adc/CMakeFiles/__idf_esp_adc.dir/adc_continuous.c.obj

[28/1056] Building C object esp-idf/esp_adc/CMakeFiles/__idf_esp_adc.dir/deprecated/esp_adc_cal_common_legacy.c.obj

[29/1056] Building C object esp-idf/esp_adc/CMakeFiles/__idf_esp_adc.dir/esp32s3/curve_fitting_coefficients.c.obj

[30/1056] Building C object esp-idf/esp_adc/CMakeFiles/__idf_esp_adc.dir/gdma/adc_dma.c.obj

[31/1056] Building C object esp-idf/esp_adc/CMakeFiles/__idf_esp_adc.dir/adc_filter.c.obj

[32/1056] Building C object esp-idf/esp_adc/CMakeFiles/__idf_esp_adc.dir/adc_monitor.c.obj

[33/1056] Building C object esp-idf/esp-tls/CMakeFiles/__idf_esp-tls.dir/esp-tls-crypto/esp_tls_crypto.c.obj

[34/1056] Building C object esp-idf/esp-tls/CMakeFiles/__idf_esp-tls.dir/esp_tls_platform_port.c.obj

[35/1056] Building C object esp-idf/esp_adc/CMakeFiles/__idf_esp_adc.dir/deprecated/esp32s3/esp_adc_cal_legacy.c.obj

[36/1056] Building C object esp-idf/esp-tls/CMakeFiles/__idf_esp-tls.dir/esp_tls_error_capture.c.obj

[37/1056] Building C object esp-idf/esp-tls/CMakeFiles/__idf_esp-tls.dir/esp_tls.c.obj

[38/1056] Building C object esp-idf/esp_gdbstub/CMakeFiles/__idf_esp_gdbstub.dir/src/gdbstub_transport.c.obj

[39/1056] Building ASM object esp-idf/esp_gdbstub/CMakeFiles/__idf_esp_gdbstub.dir/src/port/xtensa/gdbstub-entry.S.obj

[40/1056] Building C object esp-idf/esp_gdbstub/CMakeFiles/__idf_esp_gdbstub.dir/src/packet.c.obj

[41/1056] Building C object esp-idf/esp_gdbstub/CMakeFiles/__idf_esp_gdbstub.dir/src/gdbstub.c.obj

[42/1056] Building C object esp-idf/http_parser/CMakeFiles/__idf_http_parser.dir/http_parser.c.obj

[43/1056] Building C object esp-idf/esp_gdbstub/CMakeFiles/__idf_esp_gdbstub.dir/src/port/xtensa/gdbstub_xtensa.c.obj

[44/1056] Building C object esp-idf/esp_wifi/CMakeFiles/__idf_esp_wifi.dir/src/wifi_init.c.obj

[45/1056] Building C object esp-idf/esp-tls/CMakeFiles/__idf_esp-tls.dir/esp_tls_mbedtls.c.obj

[46/1056] Building C object esp-idf/esp_wifi/CMakeFiles/__idf_esp_wifi.dir/src/lib_printf.c.obj

[47/1056] Building C object esp-idf/esp_wifi/CMakeFiles/__idf_esp_wifi.dir/src/wifi_default.c.obj

[48/1056] Building C object esp-idf/esp_wifi/CMakeFiles/__idf_esp_wifi.dir/src/wifi_netif.c.obj

[49/1056] Building C object esp-idf/esp_wifi/CMakeFiles/__idf_esp_wifi.dir/src/mesh_event.c.obj

[50/1056] Building C object esp-idf/esp_wifi/CMakeFiles/__idf_esp_wifi.dir/src/wifi_default_ap.c.obj

[51/1056] Building C object esp-idf/esp_wifi/CMakeFiles/__idf_esp_wifi.dir/esp32s3/esp_adapter.c.obj

[52/1056] Linking C static library esp-idf\esp_https_ota\libesp_https_ota.a

[53/1056] Building C object esp-idf/esp_wifi/CMakeFiles/__idf_esp_wifi.dir/src/smartconfig_ack.c.obj

[54/1056] Building C object esp-idf/esp_wifi/CMakeFiles/__idf_esp_wifi.dir/src/smartconfig.c.obj

[55/1056] Building C object esp-idf/esp_coex/CMakeFiles/__idf_esp_coex.dir/esp32s3/esp_coex_adapter.c.obj

[56/1056] Building C object esp-idf/esp_coex/CMakeFiles/__idf_esp_coex.dir/src/coexist_debug_diagram.c.obj

[57/1056] Building C object esp-idf/esp_coex/CMakeFiles/__idf_esp_coex.dir/src/coexist_debug.c.obj

[58/1056] Building C object esp-idf/wpa_supplicant/CMakeFiles/__idf_wpa_supplicant.dir/port/os_xtensa.c.obj

[59/1056] Building C object esp-idf/wpa_supplicant/CMakeFiles/__idf_wpa_supplicant.dir/port/eloop.c.obj

[60/1056] Building C object esp-idf/wpa_supplicant/CMakeFiles/__idf_wpa_supplicant.dir/src/ap/ap_config.c.obj

[61/1056] Building C object esp-idf/wpa_supplicant/CMakeFiles/__idf_wpa_supplicant.dir/src/ap/ieee802_1x.c.obj

[62/1056] Building C object esp-idf/wpa_supplicant/CMakeFiles/__idf_wpa_supplicant.dir/src/ap/wpa_auth.c.obj

[63/1056] Building C object esp-idf/wpa_supplicant/CMakeFiles/__idf_wpa_supplicant.dir/src/ap/wpa_auth_ie.c.obj

[64/1056] Building C object esp-idf/wpa_supplicant/CMakeFiles/__idf_wpa_supplicant.dir/src/ap/pmksa_cache_auth.c.obj

[65/1056] Building C object esp-idf/wpa_supplicant/CMakeFiles/__idf_wpa_supplicant.dir/src/ap/sta_info.c.obj

[66/1056] Building C object esp-idf/wpa_supplicant/CMakeFiles/__idf_wpa_supplicant.dir/src/ap/ieee802_11.c.obj

[67/1056] Building C object esp-idf/wpa_supplicant/CMakeFiles/__idf_wpa_supplicant.dir/src/ap/comeback_token.c.obj

[68/1056] Building C object esp-idf/wpa_supplicant/CMakeFiles/__idf_wpa_supplicant.dir/src/common/sae.c.obj

[69/1056] Building C object esp-idf/wpa_supplicant/CMakeFiles/__idf_wpa_supplicant.dir/src/common/dragonfly.c.obj

[70/1056] Building C object esp-idf/wpa_supplicant/CMakeFiles/__idf_wpa_supplicant.dir/src/common/wpa_common.c.obj

[71/1056] Building C object esp-idf/wpa_supplicant/CMakeFiles/__idf_wpa_supplicant.dir/src/utils/bitfield.c.obj

[72/1056] Building C object esp-idf/wpa_supplicant/CMakeFiles/__idf_wpa_supplicant.dir/src/crypto/aes-siv.c.obj

[73/1056] Linking C static library esp-idf\esp_http_server\libesp_http_server.a

[74/1056] Building C object esp-idf/wpa_supplicant/CMakeFiles/__idf_wpa_supplicant.dir/src/crypto/sha256-kdf.c.obj

[75/1056] Building C object esp-idf/wpa_supplicant/CMakeFiles/__idf_wpa_supplicant.dir/src/crypto/ccmp.c.obj

[76/1056] Building C object esp-idf/wpa_supplicant/CMakeFiles/__idf_wpa_supplicant.dir/src/crypto/aes-gcm.c.obj

[77/1056] Building C object esp-idf/wpa_supplicant/CMakeFiles/__idf_wpa_supplicant.dir/src/crypto/crypto_ops.c.obj

[78/1056] Building C object esp-idf/wpa_supplicant/CMakeFiles/__idf_wpa_supplicant.dir/src/crypto/dh_group5.c.obj

[79/1056] Building C object esp-idf/wpa_supplicant/CMakeFiles/__idf_wpa_supplicant.dir/src/crypto/dh_groups.c.obj

[80/1056] Building C object esp-idf/wpa_supplicant/CMakeFiles/__idf_wpa_supplicant.dir/src/crypto/ms_funcs.c.obj

[81/1056] Building C object esp-idf/wpa_supplicant/CMakeFiles/__idf_wpa_supplicant.dir/src/crypto/sha1-tlsprf.c.obj

[82/1056] Building C object esp-idf/wpa_supplicant/CMakeFiles/__idf_wpa_supplicant.dir/src/crypto/sha256-tlsprf.c.obj

[83/1056] Building C object esp-idf/wpa_supplicant/CMakeFiles/__idf_wpa_supplicant.dir/src/crypto/sha384-tlsprf.c.obj

[84/1056] Building C object esp-idf/wpa_supplicant/CMakeFiles/__idf_wpa_supplicant.dir/src/crypto/sha256-prf.c.obj

[85/1056] Building C object esp-idf/wpa_supplicant/CMakeFiles/__idf_wpa_supplicant.dir/src/crypto/sha1-prf.c.obj

[86/1056] Building C object esp-idf/wpa_supplicant/CMakeFiles/__idf_wpa_supplicant.dir/src/crypto/sha384-prf.c.obj

[87/1056] Building C object esp-idf/wpa_supplicant/CMakeFiles/__idf_wpa_supplicant.dir/src/crypto/md4-internal.c.obj

[88/1056] Building C object esp-idf/wpa_supplicant/CMakeFiles/__idf_wpa_supplicant.dir/src/crypto/sha1-tprf.c.obj

[89/1056] Building C object esp-idf/wpa_supplicant/CMakeFiles/__idf_wpa_supplicant.dir/src/eap_common/eap_wsc_common.c.obj

[90/1056] Building C object esp-idf/wpa_supplicant/CMakeFiles/__idf_wpa_supplicant.dir/src/common/ieee802_11_common.c.obj

[91/1056] Building C object esp-idf/wpa_supplicant/CMakeFiles/__idf_wpa_supplicant.dir/src/eap_peer/chap.c.obj

[92/1056] Building C object esp-idf/wpa_supplicant/CMakeFiles/__idf_wpa_supplicant.dir/src/eap_peer/eap.c.obj

[93/1056] Building C object esp-idf/wpa_supplicant/CMakeFiles/__idf_wpa_supplicant.dir/src/eap_peer/eap_common.c.obj

[94/1056] Building C object esp-idf/wpa_supplicant/CMakeFiles/__idf_wpa_supplicant.dir/src/eap_peer/eap_peap_common.c.obj

[95/1056] Building C object esp-idf/wpa_supplicant/CMakeFiles/__idf_wpa_supplicant.dir/src/eap_peer/eap_mschapv2.c.obj

[96/1056] Building C object esp-idf/wpa_supplicant/CMakeFiles/__idf_wpa_supplicant.dir/src/eap_peer/eap_peap.c.obj

[97/1056] Building C object esp-idf/wpa_supplicant/CMakeFiles/__idf_wpa_supplicant.dir/src/eap_peer/eap_tls.c.obj

[98/1056] Building C object esp-idf/wpa_supplicant/CMakeFiles/__idf_wpa_supplicant.dir/src/eap_peer/eap_tls_common.c.obj

[99/1056] Building C object esp-idf/wpa_supplicant/CMakeFiles/__idf_wpa_supplicant.dir/src/eap_peer/eap_ttls.c.obj

[100/1056] Building C object esp-idf/wpa_supplicant/CMakeFiles/__idf_wpa_supplicant.dir/src/eap_peer/mschapv2.c.obj

[101/1056] Linking C static library esp-idf\esp_http_client\libesp_http_client.a

[102/1056] Building C object esp-idf/wpa_supplicant/CMakeFiles/__idf_wpa_supplicant.dir/src/eap_peer/eap_fast_common.c.obj

[103/1056] Building C object esp-idf/wpa_supplicant/CMakeFiles/__idf_wpa_supplicant.dir/src/utils/base64.c.obj

[104/1056] Building C object esp-idf/wpa_supplicant/CMakeFiles/__idf_wpa_supplicant.dir/src/rsn_supp/pmksa_cache.c.obj

[105/1056] Building C object esp-idf/wpa_supplicant/CMakeFiles/__idf_wpa_supplicant.dir/src/eap_peer/eap_fast_pac.c.obj

[106/1056] Building C object esp-idf/wpa_supplicant/CMakeFiles/__idf_wpa_supplicant.dir/src/utils/uuid.c.obj

[107/1056] Building C object esp-idf/wpa_supplicant/CMakeFiles/__idf_wpa_supplicant.dir/src/utils/ext_password.c.obj

[108/1056] Building C object esp-idf/wpa_supplicant/CMakeFiles/__idf_wpa_supplicant.dir/src/rsn_supp/wpa_ie.c.obj

[109/1056] Building C object esp-idf/wpa_supplicant/CMakeFiles/__idf_wpa_supplicant.dir/src/utils/common.c.obj

[110/1056] Building C object esp-idf/wpa_supplicant/CMakeFiles/__idf_wpa_supplicant.dir/src/utils/wpabuf.c.obj

[111/1056] Building C object esp-idf/wpa_supplicant/CMakeFiles/__idf_wpa_supplicant.dir/src/rsn_supp/wpa.c.obj

[112/1056] Building C object esp-idf/wpa_supplicant/CMakeFiles/__idf_wpa_supplicant.dir/src/eap_peer/eap_fast.c.obj

[113/1056] Building C object esp-idf/wpa_supplicant/CMakeFiles/__idf_wpa_supplicant.dir/src/wps/wps_attr_process.c.obj

[114/1056] Building C object esp-idf/wpa_supplicant/CMakeFiles/__idf_wpa_supplicant.dir/src/utils/wpa_debug.c.obj

[115/1056] Building C object esp-idf/wpa_supplicant/CMakeFiles/__idf_wpa_supplicant.dir/src/wps/wps_common.c.obj

[116/1056] Building C object esp-idf/wpa_supplicant/CMakeFiles/__idf_wpa_supplicant.dir/src/utils/json.c.obj

[117/1056] Building C object esp-idf/wpa_supplicant/CMakeFiles/__idf_wpa_supplicant.dir/src/wps/wps_dev_attr.c.obj

[118/1056] Building C object esp-idf/wpa_supplicant/CMakeFiles/__idf_wpa_supplicant.dir/src/wps/wps_enrollee.c.obj

[119/1056] Linking C static library esp-idf\tcp_transport\libtcp_transport.a

[120/1056] Building C object esp-idf/wpa_supplicant/CMakeFiles/__idf_wpa_supplicant.dir/src/common/sae_pk.c.obj

[121/1056] Building C object esp-idf/wpa_supplicant/CMakeFiles/__idf_wpa_supplicant.dir/src/wps/wps.c.obj

[122/1056] Building C object esp-idf/wpa_supplicant/CMakeFiles/__idf_wpa_supplicant.dir/esp_supplicant/src/esp_eap_client.c.obj

[123/1056] Building C object esp-idf/wpa_supplicant/CMakeFiles/__idf_wpa_supplicant.dir/src/wps/wps_attr_build.c.obj

[124/1056] Building C object esp-idf/wpa_supplicant/CMakeFiles/__idf_wpa_supplicant.dir/esp_supplicant/src/esp_wpa2_api_port.c.obj

[125/1056] Building C object esp-idf/wpa_supplicant/CMakeFiles/__idf_wpa_supplicant.dir/esp_supplicant/src/esp_wpa_main.c.obj

[126/1056] Building C object esp-idf/wpa_supplicant/CMakeFiles/__idf_wpa_supplicant.dir/esp_supplicant/src/esp_wpas_glue.c.obj

[127/1056] Building C object esp-idf/wpa_supplicant/CMakeFiles/__idf_wpa_supplicant.dir/esp_supplicant/src/esp_common.c.obj

[128/1056] Building C object esp-idf/wpa_supplicant/CMakeFiles/__idf_wpa_supplicant.dir/esp_supplicant/src/esp_wps.c.obj

[129/1056] Building C object esp-idf/wpa_supplicant/CMakeFiles/__idf_wpa_supplicant.dir/esp_supplicant/src/esp_wpa3.c.obj

[130/1056] Building C object esp-idf/wpa_supplicant/CMakeFiles/__idf_wpa_supplicant.dir/esp_supplicant/src/esp_owe.c.obj

[131/1056] Building C object esp-idf/wpa_supplicant/CMakeFiles/__idf_wpa_supplicant.dir/esp_supplicant/src/esp_hostap.c.obj

[132/1056] Building C object esp-idf/wpa_supplicant/CMakeFiles/__idf_wpa_supplicant.dir/esp_supplicant/src/crypto/tls_mbedtls.c.obj

[133/1056] Building C object esp-idf/wpa_supplicant/CMakeFiles/__idf_wpa_supplicant.dir/src/wps/wps_attr_parse.c.obj

[134/1056] Building C object esp-idf/wpa_supplicant/CMakeFiles/__idf_wpa_supplicant.dir/esp_supplicant/src/crypto/crypto_mbedtls.c.obj

[135/1056] Building C object esp-idf/wpa_supplicant/CMakeFiles/__idf_wpa_supplicant.dir/esp_supplicant/src/crypto/crypto_mbedtls-bignum.c.obj

[136/1056] Building C object esp-idf/wpa_supplicant/CMakeFiles/__idf_wpa_supplicant.dir/esp_supplicant/src/crypto/crypto_mbedtls-rsa.c.obj

[137/1056] Building C object esp-idf/wpa_supplicant/CMakeFiles/__idf_wpa_supplicant.dir/esp_supplicant/src/crypto/crypto_mbedtls-ec.c.obj

[138/1056] Building C object esp-idf/wpa_supplicant/CMakeFiles/__idf_wpa_supplicant.dir/esp_supplicant/src/crypto/fastpsk.c.obj

[139/1056] Building C object esp-idf/wpa_supplicant/CMakeFiles/__idf_wpa_supplicant.dir/src/crypto/rc4.c.obj

[140/1056] Linking C static library esp-idf\esp_psram\libesp_psram.a

[141/1056] Building C object esp-idf/wpa_supplicant/CMakeFiles/__idf_wpa_supplicant.dir/src/crypto/des-internal.c.obj

[142/1056] Building C object esp-idf/wpa_supplicant/CMakeFiles/__idf_wpa_supplicant.dir/esp_supplicant/src/crypto/fastpbkdf2.c.obj

[143/1056] Building C object esp-idf/wpa_supplicant/CMakeFiles/__idf_wpa_supplicant.dir/src/crypto/aes-wrap.c.obj

[144/1056] Building C object esp-idf/wpa_supplicant/CMakeFiles/__idf_wpa_supplicant.dir/src/crypto/aes-unwrap.c.obj

[145/1056] Building C object esp-idf/wpa_supplicant/CMakeFiles/__idf_wpa_supplicant.dir/src/crypto/aes-ccm.c.obj

[146/1056] Building C object esp-idf/esp_netif/CMakeFiles/__idf_esp_netif.dir/esp_netif_handlers.c.obj

[147/1056] Building C object esp-idf/esp_netif/CMakeFiles/__idf_esp_netif.dir/esp_netif_objects.c.obj

[148/1056] Building C object esp-idf/esp_netif/CMakeFiles/__idf_esp_netif.dir/esp_netif_defaults.c.obj

[149/1056] Building C object esp-idf/esp_netif/CMakeFiles/__idf_esp_netif.dir/lwip/esp_netif_lwip.c.obj

[150/1056] Building C object esp-idf/esp_netif/CMakeFiles/__idf_esp_netif.dir/lwip/esp_netif_sntp.c.obj

[151/1056] Building C object esp-idf/esp_netif/CMakeFiles/__idf_esp_netif.dir/lwip/esp_netif_lwip_defaults.c.obj

[152/1056] Building C object esp-idf/esp_netif/CMakeFiles/__idf_esp_netif.dir/lwip/netif/wlanif.c.obj

[153/1056] Building C object esp-idf/esp_netif/CMakeFiles/__idf_esp_netif.dir/lwip/netif/ethernetif.c.obj

[154/1056] Building C object esp-idf/esp_netif/CMakeFiles/__idf_esp_netif.dir/lwip/netif/esp_pbuf_ref.c.obj

[155/1056] Building C object esp-idf/lwip/CMakeFiles/__idf_lwip.dir/apps/sntp/sntp.c.obj

[156/1056] Building C object esp-idf/lwip/CMakeFiles/__idf_lwip.dir/lwip/src/api/api_lib.c.obj

[157/1056] Building C object esp-idf/lwip/CMakeFiles/__idf_lwip.dir/lwip/src/api/api_msg.c.obj

[158/1056] Building C object esp-idf/lwip/CMakeFiles/__idf_lwip.dir/lwip/src/api/err.c.obj

[159/1056] Building C object esp-idf/lwip/CMakeFiles/__idf_lwip.dir/lwip/src/api/if_api.c.obj

[160/1056] Building C object esp-idf/lwip/CMakeFiles/__idf_lwip.dir/lwip/src/api/netbuf.c.obj

[161/1056] Linking C static library esp-idf\esp_adc\libesp_adc.a

[162/1056] Building C object esp-idf/lwip/CMakeFiles/__idf_lwip.dir/lwip/src/api/netdb.c.obj

[163/1056] Building C object esp-idf/lwip/CMakeFiles/__idf_lwip.dir/lwip/src/api/netifapi.c.obj

[164/1056] Building C object esp-idf/lwip/CMakeFiles/__idf_lwip.dir/lwip/src/api/sockets.c.obj

[165/1056] Building C object esp-idf/lwip/CMakeFiles/__idf_lwip.dir/lwip/src/api/tcpip.c.obj

[166/1056] Building C object esp-idf/lwip/CMakeFiles/__idf_lwip.dir/lwip/src/apps/sntp/sntp.c.obj

[167/1056] Building C object esp-idf/lwip/CMakeFiles/__idf_lwip.dir/lwip/src/apps/netbiosns/netbiosns.c.obj

[168/1056] Building C object esp-idf/lwip/CMakeFiles/__idf_lwip.dir/lwip/src/core/def.c.obj

[169/1056] Building C object esp-idf/lwip/CMakeFiles/__idf_lwip.dir/lwip/src/core/dns.c.obj

[170/1056] Building C object esp-idf/lwip/CMakeFiles/__idf_lwip.dir/lwip/src/core/inet_chksum.c.obj

[171/1056] Building C object esp-idf/lwip/CMakeFiles/__idf_lwip.dir/lwip/src/core/init.c.obj

[172/1056] Building C object esp-idf/lwip/CMakeFiles/__idf_lwip.dir/lwip/src/core/ip.c.obj

[173/1056] Building C object esp-idf/lwip/CMakeFiles/__idf_lwip.dir/lwip/src/core/mem.c.obj

[174/1056] Building C object esp-idf/lwip/CMakeFiles/__idf_lwip.dir/lwip/src/core/memp.c.obj

[175/1056] Building C object esp-idf/lwip/CMakeFiles/__idf_lwip.dir/lwip/src/core/netif.c.obj

[176/1056] Building C object esp-idf/lwip/CMakeFiles/__idf_lwip.dir/lwip/src/core/pbuf.c.obj

[177/1056] Building C object esp-idf/lwip/CMakeFiles/__idf_lwip.dir/lwip/src/core/raw.c.obj

[178/1056] Building C object esp-idf/lwip/CMakeFiles/__idf_lwip.dir/lwip/src/core/stats.c.obj

[179/1056] Building C object esp-idf/lwip/CMakeFiles/__idf_lwip.dir/lwip/src/core/sys.c.obj

[180/1056] Building C object esp-idf/lwip/CMakeFiles/__idf_lwip.dir/lwip/src/core/tcp.c.obj

[181/1056] Building C object esp-idf/lwip/CMakeFiles/__idf_lwip.dir/lwip/src/core/tcp_in.c.obj

[182/1056] Linking C static library esp-idf\esp-tls\libesp-tls.a

[183/1056] Building C object esp-idf/lwip/CMakeFiles/__idf_lwip.dir/lwip/src/core/tcp_out.c.obj

[184/1056] Building C object esp-idf/lwip/CMakeFiles/__idf_lwip.dir/lwip/src/core/timeouts.c.obj

[185/1056] Building C object esp-idf/lwip/CMakeFiles/__idf_lwip.dir/lwip/src/core/udp.c.obj

[186/1056] Building C object esp-idf/lwip/CMakeFiles/__idf_lwip.dir/lwip/src/core/ipv4/autoip.c.obj

[187/1056] Building C object esp-idf/lwip/CMakeFiles/__idf_lwip.dir/lwip/src/core/ipv4/dhcp.c.obj

[188/1056] Building C object esp-idf/lwip/CMakeFiles/__idf_lwip.dir/lwip/src/core/ipv4/etharp.c.obj

[189/1056] Building C object esp-idf/lwip/CMakeFiles/__idf_lwip.dir/lwip/src/core/ipv4/icmp.c.obj

[190/1056] Building C object esp-idf/lwip/CMakeFiles/__idf_lwip.dir/lwip/src/core/ipv4/igmp.c.obj

[191/1056] Building C object esp-idf/lwip/CMakeFiles/__idf_lwip.dir/lwip/src/core/ipv4/ip4.c.obj

[192/1056] Building C object esp-idf/lwip/CMakeFiles/__idf_lwip.dir/lwip/src/core/ipv4/ip4_napt.c.obj

[193/1056] Building C object esp-idf/lwip/CMakeFiles/__idf_lwip.dir/lwip/src/core/ipv4/ip4_addr.c.obj

[194/1056] Building C object esp-idf/lwip/CMakeFiles/__idf_lwip.dir/lwip/src/core/ipv4/ip4_frag.c.obj

[195/1056] Building C object esp-idf/lwip/CMakeFiles/__idf_lwip.dir/lwip/src/core/ipv6/dhcp6.c.obj

[196/1056] Building C object esp-idf/lwip/CMakeFiles/__idf_lwip.dir/lwip/src/core/ipv6/ethip6.c.obj

[197/1056] Building C object esp-idf/lwip/CMakeFiles/__idf_lwip.dir/lwip/src/core/ipv6/icmp6.c.obj

[198/1056] Building C object esp-idf/lwip/CMakeFiles/__idf_lwip.dir/lwip/src/core/ipv6/inet6.c.obj

[199/1056] Building C object esp-idf/lwip/CMakeFiles/__idf_lwip.dir/lwip/src/core/ipv6/ip6.c.obj

[200/1056] Building C object esp-idf/lwip/CMakeFiles/__idf_lwip.dir/lwip/src/core/ipv6/ip6_addr.c.obj

[201/1056] Building C object esp-idf/lwip/CMakeFiles/__idf_lwip.dir/lwip/src/core/ipv6/ip6_frag.c.obj

[202/1056] Building C object esp-idf/lwip/CMakeFiles/__idf_lwip.dir/lwip/src/core/ipv6/mld6.c.obj

[203/1056] Linking C static library esp-idf\http_parser\libhttp_parser.a

[204/1056] Building C object esp-idf/lwip/CMakeFiles/__idf_lwip.dir/lwip/src/core/ipv6/nd6.c.obj

[205/1056] Building C object esp-idf/lwip/CMakeFiles/__idf_lwip.dir/lwip/src/netif/ethernet.c.obj

[206/1056] Building C object esp-idf/lwip/CMakeFiles/__idf_lwip.dir/lwip/src/netif/bridgeif.c.obj

[207/1056] Building C object esp-idf/lwip/CMakeFiles/__idf_lwip.dir/lwip/src/netif/bridgeif_fdb.c.obj

[208/1056] Building C object esp-idf/lwip/CMakeFiles/__idf_lwip.dir/lwip/src/netif/slipif.c.obj

[209/1056] Building C object esp-idf/lwip/CMakeFiles/__idf_lwip.dir/lwip/src/netif/ppp/auth.c.obj

[210/1056] Building C object esp-idf/lwip/CMakeFiles/__idf_lwip.dir/lwip/src/netif/ppp/ccp.c.obj

[211/1056] Building C object esp-idf/lwip/CMakeFiles/__idf_lwip.dir/lwip/src/netif/ppp/chap-md5.c.obj

[212/1056] Building C object esp-idf/lwip/CMakeFiles/__idf_lwip.dir/lwip/src/netif/ppp/chap-new.c.obj

[213/1056] Building C object esp-idf/lwip/CMakeFiles/__idf_lwip.dir/lwip/src/netif/ppp/chap_ms.c.obj

[214/1056] Building C object esp-idf/lwip/CMakeFiles/__idf_lwip.dir/lwip/src/netif/ppp/demand.c.obj

[215/1056] Building C object esp-idf/lwip/CMakeFiles/__idf_lwip.dir/lwip/src/netif/ppp/eap.c.obj

[216/1056] Building C object esp-idf/lwip/CMakeFiles/__idf_lwip.dir/lwip/src/netif/ppp/ecp.c.obj

[217/1056] Building C object esp-idf/lwip/CMakeFiles/__idf_lwip.dir/lwip/src/netif/ppp/eui64.c.obj

[218/1056] Building C object esp-idf/lwip/CMakeFiles/__idf_lwip.dir/lwip/src/netif/ppp/fsm.c.obj

[219/1056] Building C object esp-idf/lwip/CMakeFiles/__idf_lwip.dir/lwip/src/netif/ppp/ipcp.c.obj

[220/1056] Building C object esp-idf/lwip/CMakeFiles/__idf_lwip.dir/lwip/src/netif/ppp/ipv6cp.c.obj

[221/1056] Building C object esp-idf/lwip/CMakeFiles/__idf_lwip.dir/lwip/src/netif/ppp/lcp.c.obj

[222/1056] Building C object esp-idf/lwip/CMakeFiles/__idf_lwip.dir/lwip/src/netif/ppp/magic.c.obj

[223/1056] Building C object esp-idf/lwip/CMakeFiles/__idf_lwip.dir/lwip/src/netif/ppp/mppe.c.obj

[224/1056] Linking C static library esp-idf\esp_gdbstub\libesp_gdbstub.a

[225/1056] Building C object esp-idf/lwip/CMakeFiles/__idf_lwip.dir/lwip/src/netif/ppp/multilink.c.obj

[226/1056] Building C object esp-idf/lwip/CMakeFiles/__idf_lwip.dir/lwip/src/netif/ppp/ppp.c.obj

[227/1056] Building C object esp-idf/lwip/CMakeFiles/__idf_lwip.dir/lwip/src/netif/ppp/pppapi.c.obj

[228/1056] Building C object esp-idf/lwip/CMakeFiles/__idf_lwip.dir/lwip/src/netif/ppp/pppcrypt.c.obj

[229/1056] Building C object esp-idf/lwip/CMakeFiles/__idf_lwip.dir/lwip/src/netif/ppp/pppoe.c.obj

[230/1056] Building C object esp-idf/lwip/CMakeFiles/__idf_lwip.dir/lwip/src/netif/ppp/pppol2tp.c.obj

[231/1056] Building C object esp-idf/lwip/CMakeFiles/__idf_lwip.dir/lwip/src/netif/ppp/pppos.c.obj

[232/1056] Building C object esp-idf/lwip/CMakeFiles/__idf_lwip.dir/lwip/src/netif/ppp/upap.c.obj

[233/1056] Building C object esp-idf/lwip/CMakeFiles/__idf_lwip.dir/lwip/src/netif/ppp/utils.c.obj

[234/1056] Building C object esp-idf/lwip/CMakeFiles/__idf_lwip.dir/lwip/src/netif/ppp/vj.c.obj

[235/1056] Building C object esp-idf/lwip/CMakeFiles/__idf_lwip.dir/port/hooks/tcp_isn_default.c.obj

[236/1056] Building C object esp-idf/lwip/CMakeFiles/__idf_lwip.dir/port/hooks/lwip_default_hooks.c.obj

[237/1056] Building C object esp-idf/lwip/CMakeFiles/__idf_lwip.dir/port/debug/lwip_debug.c.obj

[238/1056] Building C object esp-idf/lwip/CMakeFiles/__idf_lwip.dir/port/sockets_ext.c.obj

[239/1056] Building C object esp-idf/lwip/CMakeFiles/__idf_lwip.dir/port/freertos/sys_arch.c.obj

[240/1056] Building C object esp-idf/lwip/CMakeFiles/__idf_lwip.dir/port/acd_dhcp_check.c.obj

[241/1056] Building C object esp-idf/lwip/CMakeFiles/__idf_lwip.dir/port/esp32xx/vfs_lwip.c.obj

[242/1056] Building C object esp-idf/lwip/CMakeFiles/__idf_lwip.dir/apps/ping/esp_ping.c.obj

[243/1056] Building C object esp-idf/lwip/CMakeFiles/__idf_lwip.dir/apps/ping/ping.c.obj

[244/1056] Building C object esp-idf/lwip/CMakeFiles/__idf_lwip.dir/apps/ping/ping_sock.c.obj

[245/1056] Building C object esp-idf/lwip/CMakeFiles/__idf_lwip.dir/lwip/src/netif/ppp/polarssl/md4.c.obj

[246/1056] Building C object esp-idf/lwip/CMakeFiles/__idf_lwip.dir/lwip/src/netif/ppp/polarssl/arc4.c.obj

[247/1056] Building C object esp-idf/lwip/CMakeFiles/__idf_lwip.dir/lwip/src/netif/ppp/polarssl/md5.c.obj

[248/1056] Building C object esp-idf/lwip/CMakeFiles/__idf_lwip.dir/lwip/src/netif/ppp/polarssl/sha1.c.obj

[249/1056] Building C object esp-idf/lwip/CMakeFiles/__idf_lwip.dir/lwip/src/netif/ppp/polarssl/des.c.obj

[250/1056] Building C object esp-idf/lwip/CMakeFiles/__idf_lwip.dir/apps/dhcpserver/dhcpserver.c.obj

[251/1056] Linking C static library esp-idf\esp_wifi\libesp_wifi.a

[252/1056] Building C object esp-idf/vfs/CMakeFiles/__idf_vfs.dir/vfs_eventfd.c.obj

[253/1056] Building C object esp-idf/vfs/CMakeFiles/__idf_vfs.dir/vfs.c.obj

[254/1056] Building C object esp-idf/esp_phy/CMakeFiles/__idf_esp_phy.dir/esp32s3/phy_init_data.c.obj

[255/1056] Building C object esp-idf/esp_phy/CMakeFiles/__idf_esp_phy.dir/src/lib_printf.c.obj

[256/1056] Building C object esp-idf/vfs/CMakeFiles/__idf_vfs.dir/nullfs.c.obj

[257/1056] Building C object esp-idf/vfs/CMakeFiles/__idf_vfs.dir/vfs_semihost.c.obj

[258/1056] Building C object esp-idf/esp_vfs_console/CMakeFiles/__idf_esp_vfs_console.dir/vfs_console.c.obj

[259/1056] Building C object esp-idf/driver/CMakeFiles/__idf_driver.dir/deprecated/mcpwm_legacy.c.obj

[260/1056] Building C object esp-idf/esp_phy/CMakeFiles/__idf_esp_phy.dir/src/phy_override.c.obj

[261/1056] Building C object esp-idf/driver/CMakeFiles/__idf_driver.dir/deprecated/adc_legacy.c.obj

[262/1056] Building C object esp-idf/esp_phy/CMakeFiles/__idf_esp_phy.dir/src/btbb_init.c.obj

[263/1056] Building C object esp-idf/esp_phy/CMakeFiles/__idf_esp_phy.dir/src/phy_common.c.obj

[264/1056] Building C object esp-idf/esp_phy/CMakeFiles/__idf_esp_phy.dir/src/phy_init.c.obj

[265/1056] Building C object esp-idf/driver/CMakeFiles/__idf_driver.dir/deprecated/adc_dma_legacy.c.obj

[266/1056] Building C object esp-idf/driver/CMakeFiles/__idf_driver.dir/deprecated/timer_legacy.c.obj

[267/1056] Building C object esp-idf/driver/CMakeFiles/__idf_driver.dir/deprecated/pcnt_legacy.c.obj

[268/1056] Building C object esp-idf/driver/CMakeFiles/__idf_driver.dir/deprecated/rmt_legacy.c.obj

[269/1056] Building C object esp-idf/driver/CMakeFiles/__idf_driver.dir/deprecated/sigma_delta_legacy.c.obj

[270/1056] Linking C static library esp-idf\esp_coex\libesp_coex.a

[271/1056] Building C object esp-idf/driver/CMakeFiles/__idf_driver.dir/deprecated/rtc_temperature_legacy.c.obj

[272/1056] Building C object esp-idf/driver/CMakeFiles/__idf_driver.dir/touch_sensor/touch_sensor_common.c.obj

[273/1056] Building C object esp-idf/driver/CMakeFiles/__idf_driver.dir/i2c/i2c.c.obj

[274/1056] Building C object esp-idf/driver/CMakeFiles/__idf_driver.dir/touch_sensor/esp32s3/touch_sensor.c.obj

[275/1056] Building C object esp-idf/driver/CMakeFiles/__idf_driver.dir/twai/twai.c.obj

[276/1056] Building C object esp-idf/driver/CMakeFiles/__idf_driver.dir/deprecated/i2s_legacy.c.obj

[277/1056] Building C object esp-idf/esp_driver_usb_serial_jtag/CMakeFiles/__idf_esp_driver_usb_serial_jtag.dir/src/usb_serial_jtag.c.obj

[278/1056] Building C object esp-idf/esp_driver_usb_serial_jtag/CMakeFiles/__idf_esp_driver_usb_serial_jtag.dir/src/usb_serial_jtag_connection_monitor.c.obj

[279/1056] Building C object esp-idf/esp_driver_usb_serial_jtag/CMakeFiles/__idf_esp_driver_usb_serial_jtag.dir/src/usb_serial_jtag_vfs.c.obj

[280/1056] Building C object esp-idf/esp_driver_ledc/CMakeFiles/__idf_esp_driver_ledc.dir/src/ledc.c.obj

[281/1056] Building C object esp-idf/esp_driver_i2c/CMakeFiles/__idf_esp_driver_i2c.dir/i2c_master.c.obj

[282/1056] Building C object esp-idf/esp_driver_i2c/CMakeFiles/__idf_esp_driver_i2c.dir/i2c_common.c.obj

[283/1056] Building C object esp-idf/esp_driver_i2c/CMakeFiles/__idf_esp_driver_i2c.dir/i2c_slave.c.obj

[284/1056] Building C object esp-idf/esp_driver_sdm/CMakeFiles/__idf_esp_driver_sdm.dir/src/sdm.c.obj

[285/1056] Building C object esp-idf/esp_driver_tsens/CMakeFiles/__idf_esp_driver_tsens.dir/src/temperature_sensor.c.obj

[286/1056] Building C object esp-idf/esp_driver_rmt/CMakeFiles/__idf_esp_driver_rmt.dir/src/rmt_common.c.obj

[287/1056] Building C object esp-idf/esp_driver_rmt/CMakeFiles/__idf_esp_driver_rmt.dir/src/rmt_encoder.c.obj

[288/1056] Building C object esp-idf/esp_driver_rmt/CMakeFiles/__idf_esp_driver_rmt.dir/src/rmt_rx.c.obj

[289/1056] Building C object esp-idf/esp_driver_rmt/CMakeFiles/__idf_esp_driver_rmt.dir/src/rmt_tx.c.obj

[290/1056] Building C object esp-idf/esp_driver_sdspi/CMakeFiles/__idf_esp_driver_sdspi.dir/src/sdspi_crc.c.obj

[291/1056] Linking C static library esp-idf\wpa_supplicant\libwpa_supplicant.a

[292/1056] Building C object esp-idf/esp_driver_sdspi/CMakeFiles/__idf_esp_driver_sdspi.dir/src/sdspi_host.c.obj

[293/1056] Building C object esp-idf/esp_driver_sdspi/CMakeFiles/__idf_esp_driver_sdspi.dir/src/sdspi_transaction.c.obj

[294/1056] Building C object esp-idf/esp_driver_sdmmc/CMakeFiles/__idf_esp_driver_sdmmc.dir/src/sdmmc_transaction.c.obj

[295/1056] Building C object esp-idf/esp_driver_sdmmc/CMakeFiles/__idf_esp_driver_sdmmc.dir/src/sdmmc_host.c.obj

[296/1056] Building C object esp-idf/sdmmc/CMakeFiles/__idf_sdmmc.dir/sdmmc_cmd.c.obj

[297/1056] Building C object esp-idf/sdmmc/CMakeFiles/__idf_sdmmc.dir/sdmmc_common.c.obj

[298/1056] Building C object esp-idf/sdmmc/CMakeFiles/__idf_sdmmc.dir/sdmmc_init.c.obj

[299/1056] Building C object esp-idf/sdmmc/CMakeFiles/__idf_sdmmc.dir/sdmmc_io.c.obj

[300/1056] Building C object esp-idf/sdmmc/CMakeFiles/__idf_sdmmc.dir/sdmmc_mmc.c.obj

[301/1056] Building C object esp-idf/sdmmc/CMakeFiles/__idf_sdmmc.dir/sdmmc_sd.c.obj

[302/1056] Building C object esp-idf/sdmmc/CMakeFiles/__idf_sdmmc.dir/sd_pwr_ctrl/sd_pwr_ctrl.c.obj

[303/1056] Building C object esp-idf/esp_driver_i2s/CMakeFiles/__idf_esp_driver_i2s.dir/i2s_common.c.obj

[304/1056] Building C object esp-idf/esp_driver_i2s/CMakeFiles/__idf_esp_driver_i2s.dir/i2s_std.c.obj

[305/1056] Building C object esp-idf/esp_driver_i2s/CMakeFiles/__idf_esp_driver_i2s.dir/i2s_pdm.c.obj

[306/1056] Building C object esp-idf/esp_driver_i2s/CMakeFiles/__idf_esp_driver_i2s.dir/i2s_tdm.c.obj

[307/1056] Building C object esp-idf/esp_driver_i2s/CMakeFiles/__idf_esp_driver_i2s.dir/i2s_platform.c.obj

[308/1056] Building C object esp-idf/esp_driver_mcpwm/CMakeFiles/__idf_esp_driver_mcpwm.dir/src/mcpwm_cap.c.obj

[309/1056] Building C object esp-idf/esp_driver_mcpwm/CMakeFiles/__idf_esp_driver_mcpwm.dir/src/mcpwm_cmpr.c.obj

[310/1056] Building C object esp-idf/esp_driver_mcpwm/CMakeFiles/__idf_esp_driver_mcpwm.dir/src/mcpwm_com.c.obj

[311/1056] Building C object esp-idf/esp_driver_mcpwm/CMakeFiles/__idf_esp_driver_mcpwm.dir/src/mcpwm_fault.c.obj

[312/1056] Linking C static library esp-idf\esp_netif\libesp_netif.a

[313/1056] Building C object esp-idf/esp_driver_mcpwm/CMakeFiles/__idf_esp_driver_mcpwm.dir/src/mcpwm_gen.c.obj

[314/1056] Building C object esp-idf/esp_driver_mcpwm/CMakeFiles/__idf_esp_driver_mcpwm.dir/src/mcpwm_oper.c.obj

[315/1056] Building C object esp-idf/esp_driver_mcpwm/CMakeFiles/__idf_esp_driver_mcpwm.dir/src/mcpwm_sync.c.obj

[316/1056] Building C object esp-idf/esp_driver_mcpwm/CMakeFiles/__idf_esp_driver_mcpwm.dir/src/mcpwm_timer.c.obj

[317/1056] Building C object esp-idf/esp_driver_spi/CMakeFiles/__idf_esp_driver_spi.dir/src/gpspi/spi_common.c.obj

[318/1056] Building C object esp-idf/esp_driver_spi/CMakeFiles/__idf_esp_driver_spi.dir/src/gpspi/spi_master.c.obj

[319/1056] Building C object esp-idf/esp_driver_spi/CMakeFiles/__idf_esp_driver_spi.dir/src/gpspi/spi_slave.c.obj

[320/1056] Building C object esp-idf/esp_driver_spi/CMakeFiles/__idf_esp_driver_spi.dir/src/gpspi/spi_dma.c.obj

[321/1056] Building C object esp-idf/esp_driver_spi/CMakeFiles/__idf_esp_driver_spi.dir/src/gpspi/spi_slave_hd.c.obj

[322/1056] Building C object esp-idf/esp_driver_pcnt/CMakeFiles/__idf_esp_driver_pcnt.dir/src/pulse_cnt.c.obj

[323/1056] Building CXX object esp-idf/nvs_flash/CMakeFiles/__idf_nvs_flash.dir/src/nvs_item_hash_list.cpp.obj

[324/1056] Building CXX object esp-idf/nvs_flash/CMakeFiles/__idf_nvs_flash.dir/src/nvs_cxx_api.cpp.obj

[325/1056] Building CXX object esp-idf/nvs_flash/CMakeFiles/__idf_nvs_flash.dir/src/nvs_api.cpp.obj

[326/1056] Building CXX object esp-idf/nvs_flash/CMakeFiles/__idf_nvs_flash.dir/src/nvs_page.cpp.obj

[327/1056] Building CXX object esp-idf/nvs_flash/CMakeFiles/__idf_nvs_flash.dir/src/nvs_pagemanager.cpp.obj

[328/1056] Building CXX object esp-idf/nvs_flash/CMakeFiles/__idf_nvs_flash.dir/src/nvs_storage.cpp.obj

[329/1056] Building CXX object esp-idf/nvs_flash/CMakeFiles/__idf_nvs_flash.dir/src/nvs_partition.cpp.obj

[330/1056] Building CXX object esp-idf/nvs_flash/CMakeFiles/__idf_nvs_flash.dir/src/nvs_partition_lookup.cpp.obj

[331/1056] Building CXX object esp-idf/nvs_flash/CMakeFiles/__idf_nvs_flash.dir/src/nvs_handle_locked.cpp.obj

[332/1056] Building CXX object esp-idf/nvs_flash/CMakeFiles/__idf_nvs_flash.dir/src/nvs_handle_simple.cpp.obj

[333/1056] Building CXX object esp-idf/nvs_flash/CMakeFiles/__idf_nvs_flash.dir/src/nvs_platform.cpp.obj

[334/1056] Building C object esp-idf/nvs_flash/CMakeFiles/__idf_nvs_flash.dir/src/nvs_bootloader.c.obj

[335/1056] Building C object esp-idf/esp_event/CMakeFiles/__idf_esp_event.dir/default_event_loop.c.obj

[336/1056] Building C object esp-idf/esp_driver_gptimer/CMakeFiles/__idf_esp_driver_gptimer.dir/src/gptimer.c.obj

[337/1056] Building C object esp-idf/esp_event/CMakeFiles/__idf_esp_event.dir/esp_event_private.c.obj

[338/1056] Building C object esp-idf/esp_event/CMakeFiles/__idf_esp_event.dir/esp_event.c.obj

[339/1056] Building CXX object esp-idf/nvs_flash/CMakeFiles/__idf_nvs_flash.dir/src/nvs_partition_manager.cpp.obj

[340/1056] Building CXX object esp-idf/nvs_flash/CMakeFiles/__idf_nvs_flash.dir/src/nvs_types.cpp.obj

[341/1056] Building C object esp-idf/esp_driver_uart/CMakeFiles/__idf_esp_driver_uart.dir/src/uhci.c.obj

[342/1056] Building C object esp-idf/esp_driver_uart/CMakeFiles/__idf_esp_driver_uart.dir/src/uart.c.obj

[343/1056] Building CXX object esp-idf/nvs_flash/CMakeFiles/__idf_nvs_flash.dir/src/nvs_encrypted_partition.cpp.obj

[344/1056] Building C object esp-idf/esp_driver_gptimer/CMakeFiles/__idf_esp_driver_gptimer.dir/src/gptimer_common.c.obj

[345/1056] Building C object esp-idf/esp_driver_uart/CMakeFiles/__idf_esp_driver_uart.dir/src/uart_vfs.c.obj

[346/1056] Linking C static library esp-idf\lwip\liblwip.a

[347/1056] Building C object esp-idf/esp_timer/CMakeFiles/__idf_esp_timer.dir/src/esp_timer.c.obj

[348/1056] Building C object esp-idf/esp_ringbuf/CMakeFiles/__idf_esp_ringbuf.dir/ringbuf.c.obj

[349/1056] Building C object esp-idf/esp_timer/CMakeFiles/__idf_esp_timer.dir/src/esp_timer_init.c.obj

[350/1056] Building C object esp-idf/esp_timer/CMakeFiles/__idf_esp_timer.dir/src/ets_timer_legacy.c.obj

[351/1056] Building C object esp-idf/esp_timer/CMakeFiles/__idf_esp_timer.dir/src/system_time.c.obj

[352/1056] Building C object esp-idf/esp_timer/CMakeFiles/__idf_esp_timer.dir/src/esp_timer_impl_common.c.obj

[353/1056] Building C object esp-idf/esp_timer/CMakeFiles/__idf_esp_timer.dir/src/esp_timer_impl_systimer.c.obj

[354/1056] Building CXX object esp-idf/cxx/CMakeFiles/__idf_cxx.dir/cxx_exception_stubs.cpp.obj

[355/1056] Building CXX object esp-idf/cxx/CMakeFiles/__idf_cxx.dir/cxx_guards.cpp.obj

[356/1056] Building CXX object esp-idf/cxx/CMakeFiles/__idf_cxx.dir/cxx_init.cpp.obj

[357/1056] Building C object esp-idf/pthread/CMakeFiles/__idf_pthread.dir/pthread.c.obj

[358/1056] Building C object esp-idf/pthread/CMakeFiles/__idf_pthread.dir/pthread_cond_var.c.obj

[359/1056] Building C object esp-idf/pthread/CMakeFiles/__idf_pthread.dir/pthread_local_storage.c.obj

[360/1056] Building C object esp-idf/pthread/CMakeFiles/__idf_pthread.dir/pthread_rwlock.c.obj

[361/1056] Building C object esp-idf/pthread/CMakeFiles/__idf_pthread.dir/pthread_semaphore.c.obj

[362/1056] Building C object esp-idf/newlib/CMakeFiles/__idf_newlib.dir/abort.c.obj

[363/1056] Building C object esp-idf/newlib/CMakeFiles/__idf_newlib.dir/assert.c.obj

[364/1056] Building C object esp-idf/newlib/CMakeFiles/__idf_newlib.dir/heap.c.obj

[365/1056] Building C object esp-idf/newlib/CMakeFiles/__idf_newlib.dir/flockfile.c.obj

[366/1056] Building C object esp-idf/newlib/CMakeFiles/__idf_newlib.dir/locks.c.obj

[367/1056] Linking C static library esp-idf\vfs\libvfs.a

[368/1056] Building C object esp-idf/newlib/CMakeFiles/__idf_newlib.dir/poll.c.obj

[369/1056] Building C object esp-idf/newlib/CMakeFiles/__idf_newlib.dir/pthread.c.obj

[370/1056] Building C object esp-idf/newlib/CMakeFiles/__idf_newlib.dir/random.c.obj

[371/1056] Building C object esp-idf/newlib/CMakeFiles/__idf_newlib.dir/getentropy.c.obj

[372/1056] Building C object esp-idf/newlib/CMakeFiles/__idf_newlib.dir/reent_init.c.obj

[373/1056] Building C object esp-idf/newlib/CMakeFiles/__idf_newlib.dir/newlib_init.c.obj

[374/1056] Building C object esp-idf/newlib/CMakeFiles/__idf_newlib.dir/syscalls.c.obj

[375/1056] Building C object esp-idf/newlib/CMakeFiles/__idf_newlib.dir/termios.c.obj

[376/1056] Building C object esp-idf/newlib/CMakeFiles/__idf_newlib.dir/stdatomic.c.obj

[377/1056] Building C object esp-idf/newlib/CMakeFiles/__idf_newlib.dir/time.c.obj

[378/1056] Building C object esp-idf/newlib/CMakeFiles/__idf_newlib.dir/sysconf.c.obj

[379/1056] Building C object esp-idf/newlib/CMakeFiles/__idf_newlib.dir/realpath.c.obj

[380/1056] Building C object esp-idf/newlib/CMakeFiles/__idf_newlib.dir/scandir.c.obj

[381/1056] Building C object esp-idf/newlib/CMakeFiles/__idf_newlib.dir/port/xtensa/stdatomic_s32c1i.c.obj

[382/1056] Building C object esp-idf/newlib/CMakeFiles/__idf_newlib.dir/port/esp_time_impl.c.obj

[383/1056] Building C object esp-idf/freertos/CMakeFiles/__idf_freertos.dir/heap_idf.c.obj

[384/1056] Building C object esp-idf/freertos/CMakeFiles/__idf_freertos.dir/app_startup.c.obj

[385/1056] Building C object esp-idf/freertos/CMakeFiles/__idf_freertos.dir/port_common.c.obj

[386/1056] Building C object esp-idf/freertos/CMakeFiles/__idf_freertos.dir/port_systick.c.obj

[387/1056] Building C object esp-idf/freertos/CMakeFiles/__idf_freertos.dir/FreeRTOS-Kernel/list.c.obj

[388/1056] Linking C static library esp-idf\esp_vfs_console\libesp_vfs_console.a

[389/1056] Building C object esp-idf/freertos/CMakeFiles/__idf_freertos.dir/FreeRTOS-Kernel/queue.c.obj

[390/1056] Building C object esp-idf/freertos/CMakeFiles/__idf_freertos.dir/FreeRTOS-Kernel/tasks.c.obj

[391/1056] Building C object esp-idf/freertos/CMakeFiles/__idf_freertos.dir/FreeRTOS-Kernel/timers.c.obj

[392/1056] Building C object esp-idf/freertos/CMakeFiles/__idf_freertos.dir/FreeRTOS-Kernel/event_groups.c.obj

[393/1056] Building C object esp-idf/freertos/CMakeFiles/__idf_freertos.dir/FreeRTOS-Kernel/stream_buffer.c.obj

[394/1056] Building C object esp-idf/freertos/CMakeFiles/__idf_freertos.dir/FreeRTOS-Kernel/portable/xtensa/port.c.obj

[395/1056] Building ASM object esp-idf/freertos/CMakeFiles/__idf_freertos.dir/FreeRTOS-Kernel/portable/xtensa/portasm.S.obj

[396/1056] Building C object esp-idf/freertos/CMakeFiles/__idf_freertos.dir/FreeRTOS-Kernel/portable/xtensa/xtensa_init.c.obj

[397/1056] Building C object esp-idf/freertos/CMakeFiles/__idf_freertos.dir/FreeRTOS-Kernel/portable/xtensa/xtensa_overlay_os_hook.c.obj

[398/1056] Building C object esp-idf/freertos/CMakeFiles/__idf_freertos.dir/esp_additions/freertos_compatibility.c.obj

[399/1056] Building C object esp-idf/freertos/CMakeFiles/__idf_freertos.dir/esp_additions/idf_additions_event_groups.c.obj

[400/1056] Building C object esp-idf/freertos/CMakeFiles/__idf_freertos.dir/esp_additions/idf_additions.c.obj

[401/1056] Building C object esp-idf/esp_hw_support/CMakeFiles/__idf_esp_hw_support.dir/cpu.c.obj

[402/1056] Building C object esp-idf/esp_hw_support/CMakeFiles/__idf_esp_hw_support.dir/port/esp32s3/esp_cpu_intr.c.obj

[403/1056] Building C object esp-idf/esp_hw_support/CMakeFiles/__idf_esp_hw_support.dir/esp_memory_utils.c.obj

[404/1056] Building C object esp-idf/esp_hw_support/CMakeFiles/__idf_esp_hw_support.dir/port/esp32s3/cpu_region_protect.c.obj

[405/1056] Building C object esp-idf/esp_hw_support/CMakeFiles/__idf_esp_hw_support.dir/esp_clk.c.obj

[406/1056] Building C object esp-idf/esp_hw_support/CMakeFiles/__idf_esp_hw_support.dir/clk_ctrl_os.c.obj

[407/1056] Building C object esp-idf/esp_hw_support/CMakeFiles/__idf_esp_hw_support.dir/hw_random.c.obj

[408/1056] Building C object esp-idf/esp_hw_support/CMakeFiles/__idf_esp_hw_support.dir/intr_alloc.c.obj

[409/1056] Linking C static library esp-idf\esp_phy\libesp_phy.a

[410/1056] Building C object esp-idf/esp_hw_support/CMakeFiles/__idf_esp_hw_support.dir/mac_addr.c.obj

[411/1056] Building C object esp-idf/esp_hw_support/CMakeFiles/__idf_esp_hw_support.dir/periph_ctrl.c.obj

[412/1056] Building C object esp-idf/esp_hw_support/CMakeFiles/__idf_esp_hw_support.dir/revision.c.obj

[413/1056] Building C object esp-idf/esp_hw_support/CMakeFiles/__idf_esp_hw_support.dir/rtc_module.c.obj

[414/1056] Building C object esp-idf/esp_hw_support/CMakeFiles/__idf_esp_hw_support.dir/sleep_modem.c.obj

[415/1056] Building C object esp-idf/esp_hw_support/CMakeFiles/__idf_esp_hw_support.dir/sleep_modes.c.obj

[416/1056] Building C object esp-idf/esp_hw_support/CMakeFiles/__idf_esp_hw_support.dir/sleep_console.c.obj

[417/1056] Building C object esp-idf/esp_hw_support/CMakeFiles/__idf_esp_hw_support.dir/sleep_usb.c.obj

[418/1056] Building C object esp-idf/esp_hw_support/CMakeFiles/__idf_esp_hw_support.dir/sleep_gpio.c.obj

[419/1056] Building C object esp-idf/esp_hw_support/CMakeFiles/__idf_esp_hw_support.dir/sleep_event.c.obj

[420/1056] Building C object esp-idf/esp_hw_support/CMakeFiles/__idf_esp_hw_support.dir/sleep_mspi.c.obj

[421/1056] Building C object esp-idf/esp_hw_support/CMakeFiles/__idf_esp_hw_support.dir/regi2c_ctrl.c.obj

[422/1056] Building C object esp-idf/esp_hw_support/CMakeFiles/__idf_esp_hw_support.dir/sar_periph_ctrl_common.c.obj

[423/1056] Building C object esp-idf/esp_hw_support/CMakeFiles/__idf_esp_hw_support.dir/port/esp32s3/io_mux.c.obj

[424/1056] Building C object esp-idf/esp_hw_support/CMakeFiles/__idf_esp_hw_support.dir/port/esp32s3/esp_clk_tree.c.obj

[425/1056] Building C object esp-idf/esp_hw_support/CMakeFiles/__idf_esp_hw_support.dir/port/esp_clk_tree_common.c.obj

[426/1056] Building C object esp-idf/esp_hw_support/CMakeFiles/__idf_esp_hw_support.dir/dma/esp_dma_utils.c.obj

[427/1056] Building C object esp-idf/esp_hw_support/CMakeFiles/__idf_esp_hw_support.dir/dma/gdma_link.c.obj

[428/1056] Building C object esp-idf/esp_hw_support/CMakeFiles/__idf_esp_hw_support.dir/spi_share_hw_ctrl.c.obj

[429/1056] Building C object esp-idf/esp_hw_support/CMakeFiles/__idf_esp_hw_support.dir/spi_bus_lock.c.obj

[430/1056] Linking C static library esp-idf\driver\libdriver.a

[431/1056] Building C object esp-idf/esp_hw_support/CMakeFiles/__idf_esp_hw_support.dir/clk_utils.c.obj

[432/1056] Building C object esp-idf/esp_hw_support/CMakeFiles/__idf_esp_hw_support.dir/adc_share_hw_ctrl.c.obj

[433/1056] Building C object esp-idf/esp_hw_support/CMakeFiles/__idf_esp_hw_support.dir/dma/gdma.c.obj

[434/1056] Building C object esp-idf/esp_hw_support/CMakeFiles/__idf_esp_hw_support.dir/deprecated/gdma_legacy.c.obj

[435/1056] Building C object esp-idf/esp_hw_support/CMakeFiles/__idf_esp_hw_support.dir/dma/esp_async_memcpy.c.obj

[436/1056] Building C object esp-idf/esp_hw_support/CMakeFiles/__idf_esp_hw_support.dir/mspi_timing_tuning.c.obj

[437/1056] Building C object esp-idf/esp_hw_support/CMakeFiles/__idf_esp_hw_support.dir/esp_clock_output.c.obj

[438/1056] Building C object esp-idf/esp_hw_support/CMakeFiles/__idf_esp_hw_support.dir/port/esp32s3/systimer.c.obj

[439/1056] Building C object esp-idf/esp_hw_support/CMakeFiles/__idf_esp_hw_support.dir/dma/async_memcpy_gdma.c.obj

[440/1056] Building C object esp-idf/esp_hw_support/CMakeFiles/__idf_esp_hw_support.dir/port/esp32s3/rtc_clk_init.c.obj

[441/1056] Building C object esp-idf/esp_hw_support/CMakeFiles/__idf_esp_hw_support.dir/port/esp32s3/rtc_clk.c.obj

[442/1056] Building C object esp-idf/esp_hw_support/CMakeFiles/__idf_esp_hw_support.dir/sleep_wake_stub.c.obj

[443/1056] Building C object esp-idf/esp_hw_support/CMakeFiles/__idf_esp_hw_support.dir/mspi_timing_by_mspi_delay.c.obj

[444/1056] Building C object esp-idf/esp_hw_support/CMakeFiles/__idf_esp_hw_support.dir/port/esp32s3/sar_periph_ctrl.c.obj

[445/1056] Building C object esp-idf/soc/CMakeFiles/__idf_soc.dir/esp32s3/uart_periph.c.obj

[446/1056] Building C object esp-idf/esp_hw_support/CMakeFiles/__idf_esp_hw_support.dir/port/esp32s3/chip_info.c.obj

[447/1056] Building C object esp-idf/esp_hw_support/CMakeFiles/__idf_esp_hw_support.dir/port/esp32s3/rtc_sleep.c.obj

[448/1056] Building C object esp-idf/esp_hw_support/CMakeFiles/__idf_esp_hw_support.dir/port/esp32s3/rtc_time.c.obj

[449/1056] Building C object esp-idf/esp_hw_support/CMakeFiles/__idf_esp_hw_support.dir/port/esp32s3/rtc_init.c.obj

[450/1056] Building C object esp-idf/esp_hw_support/CMakeFiles/__idf_esp_hw_support.dir/port/esp32s3/mspi_timing_config.c.obj

[451/1056] Building C object esp-idf/soc/CMakeFiles/__idf_soc.dir/esp32s3/adc_periph.c.obj

[452/1056] Building C object esp-idf/esp_hw_support/CMakeFiles/__idf_esp_hw_support.dir/port/esp_memprot_conv.c.obj

[453/1056] Building C object esp-idf/soc/CMakeFiles/__idf_soc.dir/esp32s3/dedic_gpio_periph.c.obj

[454/1056] Building C object esp-idf/esp_security/CMakeFiles/__idf_esp_security.dir/src/esp_hmac.c.obj

[455/1056] Building C object esp-idf/esp_security/CMakeFiles/__idf_esp_security.dir/src/esp_crypto_lock.c.obj

[456/1056] Building C object esp-idf/esp_hw_support/CMakeFiles/__idf_esp_hw_support.dir/lowpower/port/esp32s3/sleep_cpu.c.obj

[457/1056] Building C object esp-idf/esp_security/CMakeFiles/__idf_esp_security.dir/src/init.c.obj

[458/1056] Building C object esp-idf/esp_security/CMakeFiles/__idf_esp_security.dir/src/esp_ds.c.obj

[459/1056] Building C object esp-idf/esp_hw_support/CMakeFiles/__idf_esp_hw_support.dir/port/esp32s3/esp_memprot.c.obj

[460/1056] Building C object esp-idf/soc/CMakeFiles/__idf_soc.dir/esp32s3/spi_periph.c.obj

[461/1056] Building C object esp-idf/soc/CMakeFiles/__idf_soc.dir/esp32s3/gpio_periph.c.obj

[462/1056] Building C object esp-idf/soc/CMakeFiles/__idf_soc.dir/esp32s3/ledc_periph.c.obj

[463/1056] Building C object esp-idf/soc/CMakeFiles/__idf_soc.dir/esp32s3/pcnt_periph.c.obj

[464/1056] Building C object esp-idf/soc/CMakeFiles/__idf_soc.dir/esp32s3/rmt_periph.c.obj

[465/1056] Linking C static library esp-idf\esp_driver_usb_serial_jtag\libesp_driver_usb_serial_jtag.a

[466/1056] Building C object esp-idf/soc/CMakeFiles/__idf_soc.dir/esp32s3/i2s_periph.c.obj

[467/1056] Building C object esp-idf/soc/CMakeFiles/__idf_soc.dir/esp32s3/i2c_periph.c.obj

[468/1056] Building C object esp-idf/soc/CMakeFiles/__idf_soc.dir/esp32s3/temperature_sensor_periph.c.obj

[469/1056] Building C object esp-idf/soc/CMakeFiles/__idf_soc.dir/esp32s3/timer_periph.c.obj

[470/1056] Building C object esp-idf/soc/CMakeFiles/__idf_soc.dir/esp32s3/mcpwm_periph.c.obj

[471/1056] Building C object esp-idf/soc/CMakeFiles/__idf_soc.dir/esp32s3/mpi_periph.c.obj

[472/1056] Building C object esp-idf/soc/CMakeFiles/__idf_soc.dir/esp32s3/sdmmc_periph.c.obj

[473/1056] Building C object esp-idf/soc/CMakeFiles/__idf_soc.dir/esp32s3/wdt_periph.c.obj

[474/1056] Building C object esp-idf/soc/CMakeFiles/__idf_soc.dir/esp32s3/rtc_io_periph.c.obj

[475/1056] Building C object esp-idf/heap/CMakeFiles/__idf_heap.dir/heap_caps_base.c.obj

[476/1056] Building C object esp-idf/heap/CMakeFiles/__idf_heap.dir/heap_caps.c.obj

[477/1056] Building C object esp-idf/heap/CMakeFiles/__idf_heap.dir/heap_caps_init.c.obj

[478/1056] Building C object esp-idf/heap/CMakeFiles/__idf_heap.dir/multi_heap.c.obj

[479/1056] Building C object esp-idf/heap/CMakeFiles/__idf_heap.dir/tlsf/tlsf.c.obj

[480/1056] Building C object esp-idf/heap/CMakeFiles/__idf_heap.dir/port/memory_layout_utils.c.obj

[481/1056] Building C object esp-idf/heap/CMakeFiles/__idf_heap.dir/port/esp32s3/memory_layout.c.obj

[482/1056] Building C object esp-idf/log/CMakeFiles/__idf_log.dir/src/os/log_timestamp.c.obj

[483/1056] Building C object esp-idf/log/CMakeFiles/__idf_log.dir/src/log_timestamp_common.c.obj

[484/1056] Building C object esp-idf/log/CMakeFiles/__idf_log.dir/src/os/log_lock.c.obj

[485/1056] Building C object esp-idf/log/CMakeFiles/__idf_log.dir/src/os/log_write.c.obj

[486/1056] Linking C static library esp-idf\esp_driver_ledc\libesp_driver_ledc.a

[487/1056] Building C object esp-idf/log/CMakeFiles/__idf_log.dir/src/buffer/log_buffers.c.obj

[488/1056] Building C object esp-idf/log/CMakeFiles/__idf_log.dir/src/log_level/log_level.c.obj

[489/1056] Building C object esp-idf/log/CMakeFiles/__idf_log.dir/src/log_level/tag_log_level/tag_log_level.c.obj

[490/1056] Building C object esp-idf/log/CMakeFiles/__idf_log.dir/src/log_level/tag_log_level/linked_list/log_linked_list.c.obj

[491/1056] Building C object esp-idf/log/CMakeFiles/__idf_log.dir/src/log_level/tag_log_level/cache/log_binary_heap.c.obj

[492/1056] Building C object esp-idf/hal/CMakeFiles/__idf_hal.dir/hal_utils.c.obj

[493/1056] Building C object esp-idf/hal/CMakeFiles/__idf_hal.dir/mpu_hal.c.obj

[494/1056] Building C object esp-idf/hal/CMakeFiles/__idf_hal.dir/efuse_hal.c.obj

[495/1056] Building C object esp-idf/hal/CMakeFiles/__idf_hal.dir/esp32s3/efuse_hal.c.obj

[496/1056] Building C object esp-idf/hal/CMakeFiles/__idf_hal.dir/mmu_hal.c.obj

[497/1056] Building C object esp-idf/hal/CMakeFiles/__idf_hal.dir/cache_hal.c.obj

[498/1056] Building C object esp-idf/hal/CMakeFiles/__idf_hal.dir/color_hal.c.obj

[499/1056] Building C object esp-idf/hal/CMakeFiles/__idf_hal.dir/spi_flash_hal.c.obj

[500/1056] Building C object esp-idf/hal/CMakeFiles/__idf_hal.dir/spi_flash_hal_iram.c.obj

[501/1056] Building C object esp-idf/hal/CMakeFiles/__idf_hal.dir/spi_flash_encrypt_hal_iram.c.obj

[502/1056] Building C object esp-idf/hal/CMakeFiles/__idf_hal.dir/esp32s3/clk_tree_hal.c.obj

[503/1056] Building C object esp-idf/hal/CMakeFiles/__idf_hal.dir/systimer_hal.c.obj

[504/1056] Building C object esp-idf/hal/CMakeFiles/__idf_hal.dir/uart_hal.c.obj

[505/1056] Building C object esp-idf/hal/CMakeFiles/__idf_hal.dir/uart_hal_iram.c.obj

[506/1056] Building C object esp-idf/hal/CMakeFiles/__idf_hal.dir/gpio_hal.c.obj

[507/1056] Linking C static library esp-idf\esp_driver_i2c\libesp_driver_i2c.a

[508/1056] Building C object esp-idf/hal/CMakeFiles/__idf_hal.dir/rtc_io_hal.c.obj

[509/1056] Building C object esp-idf/hal/CMakeFiles/__idf_hal.dir/timer_hal.c.obj

[510/1056] Building C object esp-idf/hal/CMakeFiles/__idf_hal.dir/ledc_hal.c.obj

[511/1056] Building C object esp-idf/hal/CMakeFiles/__idf_hal.dir/ledc_hal_iram.c.obj

[512/1056] Building C object esp-idf/hal/CMakeFiles/__idf_hal.dir/i2c_hal.c.obj

[513/1056] Building C object esp-idf/hal/CMakeFiles/__idf_hal.dir/i2c_hal_iram.c.obj

[514/1056] Building C object esp-idf/hal/CMakeFiles/__idf_hal.dir/rmt_hal.c.obj

[515/1056] Building C object esp-idf/hal/CMakeFiles/__idf_hal.dir/pcnt_hal.c.obj

[516/1056] Building C object esp-idf/hal/CMakeFiles/__idf_hal.dir/mcpwm_hal.c.obj

[517/1056] Building C object esp-idf/hal/CMakeFiles/__idf_hal.dir/uhci_hal.c.obj

[518/1056] Building C object esp-idf/hal/CMakeFiles/__idf_hal.dir/twai_hal.c.obj

[519/1056] Building C object esp-idf/hal/CMakeFiles/__idf_hal.dir/twai_hal_iram.c.obj

[520/1056] Building C object esp-idf/hal/CMakeFiles/__idf_hal.dir/gdma_hal_top.c.obj

[521/1056] Building C object esp-idf/hal/CMakeFiles/__idf_hal.dir/gdma_hal_ahb_v1.c.obj

[522/1056] Building C object esp-idf/hal/CMakeFiles/__idf_hal.dir/i2s_hal.c.obj

[523/1056] Building C object esp-idf/hal/CMakeFiles/__idf_hal.dir/sdm_hal.c.obj

[524/1056] Building C object esp-idf/hal/CMakeFiles/__idf_hal.dir/sdmmc_hal.c.obj

[525/1056] Building C object esp-idf/hal/CMakeFiles/__idf_hal.dir/adc_hal_common.c.obj

[526/1056] Building C object esp-idf/hal/CMakeFiles/__idf_hal.dir/adc_oneshot_hal.c.obj

[527/1056] Building C object esp-idf/hal/CMakeFiles/__idf_hal.dir/adc_hal.c.obj

[528/1056] Linking C static library esp-idf\esp_driver_sdm\libesp_driver_sdm.a

[529/1056] Building C object esp-idf/hal/CMakeFiles/__idf_hal.dir/lcd_hal.c.obj

[530/1056] Building C object esp-idf/hal/CMakeFiles/__idf_hal.dir/mpi_hal.c.obj

[531/1056] Building C object esp-idf/hal/CMakeFiles/__idf_hal.dir/sha_hal.c.obj

[532/1056] Building C object esp-idf/hal/CMakeFiles/__idf_hal.dir/aes_hal.c.obj

[533/1056] Building C object esp-idf/hal/CMakeFiles/__idf_hal.dir/brownout_hal.c.obj

[534/1056] Building C object esp-idf/hal/CMakeFiles/__idf_hal.dir/spi_hal.c.obj

[535/1056] Building C object esp-idf/hal/CMakeFiles/__idf_hal.dir/spi_hal_iram.c.obj

[536/1056] Building C object esp-idf/hal/CMakeFiles/__idf_hal.dir/spi_slave_hal.c.obj

[537/1056] Building C object esp-idf/hal/CMakeFiles/__idf_hal.dir/spi_slave_hal_iram.c.obj

[538/1056] Building C object esp-idf/hal/CMakeFiles/__idf_hal.dir/spi_slave_hd_hal.c.obj

[539/1056] Building C object esp-idf/hal/CMakeFiles/__idf_hal.dir/spi_flash_hal_gpspi.c.obj

[540/1056] Building C object esp-idf/hal/CMakeFiles/__idf_hal.dir/hmac_hal.c.obj

[541/1056] Building C object esp-idf/hal/CMakeFiles/__idf_hal.dir/ds_hal.c.obj

[542/1056] Building C object esp-idf/hal/CMakeFiles/__idf_hal.dir/cam_hal.c.obj

[543/1056] Building C object esp-idf/hal/CMakeFiles/__idf_hal.dir/usb_serial_jtag_hal.c.obj

[544/1056] Building C object esp-idf/hal/CMakeFiles/__idf_hal.dir/usb_dwc_hal.c.obj

[545/1056] Building C object esp-idf/hal/CMakeFiles/__idf_hal.dir/usb_wrap_hal.c.obj

[546/1056] Building C object esp-idf/hal/CMakeFiles/__idf_hal.dir/esp32s3/touch_sensor_hal.c.obj

[547/1056] Building C object esp-idf/hal/CMakeFiles/__idf_hal.dir/touch_sensor_hal.c.obj

[548/1056] Building C object esp-idf/hal/CMakeFiles/__idf_hal.dir/xt_wdt_hal.c.obj

[549/1056] Linking C static library esp-idf\esp_driver_tsens\libesp_driver_tsens.a

[550/1056] Building C object esp-idf/hal/CMakeFiles/__idf_hal.dir/esp32s3/rtc_cntl_hal.c.obj

[551/1056] Building C object esp-idf/esp_rom/CMakeFiles/__idf_esp_rom.dir/patches/esp_rom_sys.c.obj

[552/1056] Building C object esp-idf/esp_rom/CMakeFiles/__idf_esp_rom.dir/patches/esp_rom_print.c.obj

[553/1056] Building C object esp-idf/esp_rom/CMakeFiles/__idf_esp_rom.dir/patches/esp_rom_uart.c.obj

[554/1056] Building C object esp-idf/esp_rom/CMakeFiles/__idf_esp_rom.dir/patches/esp_rom_spiflash.c.obj

[555/1056] Building C object esp-idf/esp_rom/CMakeFiles/__idf_esp_rom.dir/patches/esp_rom_efuse.c.obj

[556/1056] Building C object esp-idf/esp_rom/CMakeFiles/__idf_esp_rom.dir/patches/esp_rom_gpio.c.obj

[557/1056] Building ASM object esp-idf/esp_rom/CMakeFiles/__idf_esp_rom.dir/patches/esp_rom_longjmp.S.obj

[558/1056] Building C object esp-idf/esp_rom/CMakeFiles/__idf_esp_rom.dir/patches/esp_rom_systimer.c.obj

[559/1056] Building C object esp-idf/esp_rom/CMakeFiles/__idf_esp_rom.dir/patches/esp_rom_wdt.c.obj

[560/1056] Building C object esp-idf/esp_rom/CMakeFiles/__idf_esp_rom.dir/patches/esp_rom_cache_esp32s2_esp32s3.c.obj

[561/1056] Building ASM object esp-idf/esp_rom/CMakeFiles/__idf_esp_rom.dir/patches/esp_rom_cache_writeback_esp32s3.S.obj

[562/1056] Building C object esp-idf/esp_common/CMakeFiles/__idf_esp_common.dir/src/esp_err_to_name.c.obj

[563/1056] Building C object esp-idf/esp_system/CMakeFiles/__idf_esp_system.dir/esp_err.c.obj

[564/1056] Building C object esp-idf/esp_system/CMakeFiles/__idf_esp_system.dir/crosscore_int.c.obj

[565/1056] Building C object esp-idf/esp_system/CMakeFiles/__idf_esp_system.dir/esp_ipc.c.obj

[566/1056] Building C object esp-idf/esp_system/CMakeFiles/__idf_esp_system.dir/esp_system_console.c.obj

[567/1056] Building C object esp-idf/esp_system/CMakeFiles/__idf_esp_system.dir/freertos_hooks.c.obj

[568/1056] Building C object esp-idf/esp_system/CMakeFiles/__idf_esp_system.dir/int_wdt.c.obj

[569/1056] Building C object esp-idf/esp_system/CMakeFiles/__idf_esp_system.dir/panic.c.obj

[570/1056] Linking C static library esp-idf\esp_driver_rmt\libesp_driver_rmt.a

[571/1056] Building C object esp-idf/esp_system/CMakeFiles/__idf_esp_system.dir/esp_system.c.obj

[572/1056] Building C object esp-idf/esp_system/CMakeFiles/__idf_esp_system.dir/startup.c.obj

[573/1056] Building C object esp-idf/esp_system/CMakeFiles/__idf_esp_system.dir/startup_funcs.c.obj

[574/1056] Building C object esp-idf/esp_system/CMakeFiles/__idf_esp_system.dir/system_time.c.obj

[575/1056] Building C object esp-idf/esp_system/CMakeFiles/__idf_esp_system.dir/stack_check.c.obj

[576/1056] Building C object esp-idf/esp_system/CMakeFiles/__idf_esp_system.dir/ubsan.c.obj

[577/1056] Building C object esp-idf/esp_system/CMakeFiles/__idf_esp_system.dir/xt_wdt.c.obj

[578/1056] Building C object esp-idf/esp_system/CMakeFiles/__idf_esp_system.dir/task_wdt/task_wdt.c.obj

[579/1056] Building C object esp-idf/esp_system/CMakeFiles/__idf_esp_system.dir/task_wdt/task_wdt_impl_timergroup.c.obj

[580/1056] Building C object esp-idf/esp_system/CMakeFiles/__idf_esp_system.dir/port/cpu_start.c.obj

[581/1056] Building C object esp-idf/esp_system/CMakeFiles/__idf_esp_system.dir/port/panic_handler.c.obj

[582/1056] Building C object esp-idf/esp_system/CMakeFiles/__idf_esp_system.dir/port/esp_system_chip.c.obj

[583/1056] Building C object esp-idf/esp_system/CMakeFiles/__idf_esp_system.dir/port/image_process.c.obj

[584/1056] Building C object esp-idf/esp_system/CMakeFiles/__idf_esp_system.dir/port/brownout.c.obj

[585/1056] Building C object esp-idf/esp_system/CMakeFiles/__idf_esp_system.dir/port/esp_ipc_isr.c.obj

[586/1056] Building C object esp-idf/esp_system/CMakeFiles/__idf_esp_system.dir/port/arch/xtensa/esp_ipc_isr_port.c.obj

[587/1056] Building ASM object esp-idf/esp_system/CMakeFiles/__idf_esp_system.dir/port/arch/xtensa/esp_ipc_isr_handler.S.obj

[588/1056] Building C object esp-idf/esp_system/CMakeFiles/__idf_esp_system.dir/port/arch/xtensa/panic_arch.c.obj

[589/1056] Building ASM object esp-idf/esp_system/CMakeFiles/__idf_esp_system.dir/port/arch/xtensa/panic_handler_asm.S.obj

[590/1056] Building C object esp-idf/esp_system/CMakeFiles/__idf_esp_system.dir/port/arch/xtensa/expression_with_stack.c.obj

[591/1056] Linking C static library esp-idf\esp_driver_sdspi\libesp_driver_sdspi.a

[592/1056] Building C object esp-idf/esp_system/CMakeFiles/__idf_esp_system.dir/port/arch/xtensa/debug_helpers.c.obj

[593/1056] Building C object esp-idf/esp_system/CMakeFiles/__idf_esp_system.dir/port/arch/xtensa/debug_stubs.c.obj

[594/1056] Building C object esp-idf/esp_system/CMakeFiles/__idf_esp_system.dir/port/arch/xtensa/trax.c.obj

[595/1056] Building ASM object esp-idf/esp_system/CMakeFiles/__idf_esp_system.dir/port/soc/esp32s3/highint_hdl.S.obj

[596/1056] Building C object esp-idf/esp_system/CMakeFiles/__idf_esp_system.dir/port/soc/esp32s3/clk.c.obj

[597/1056] Building C object esp-idf/esp_system/CMakeFiles/__idf_esp_system.dir/port/soc/esp32s3/reset_reason.c.obj

[598/1056] Building C object esp-idf/esp_system/CMakeFiles/__idf_esp_system.dir/port/soc/esp32s3/system_internal.c.obj

[599/1056] Building C object esp-idf/esp_system/CMakeFiles/__idf_esp_system.dir/port/soc/esp32s3/cache_err_int.c.obj

[600/1056] Building C object esp-idf/esp_system/CMakeFiles/__idf_esp_system.dir/port/soc/esp32s3/apb_backup_dma.c.obj

[601/1056] Building C object esp-idf/spi_flash/CMakeFiles/__idf_spi_flash.dir/flash_brownout_hook.c.obj

[602/1056] Building C object esp-idf/spi_flash/CMakeFiles/__idf_spi_flash.dir/esp32s3/spi_flash_oct_flash_init.c.obj

[603/1056] Building C object esp-idf/spi_flash/CMakeFiles/__idf_spi_flash.dir/spi_flash_hpm_enable.c.obj

[604/1056] Building C object esp-idf/spi_flash/CMakeFiles/__idf_spi_flash.dir/spi_flash_chip_drivers.c.obj

[605/1056] Building C object esp-idf/spi_flash/CMakeFiles/__idf_spi_flash.dir/spi_flash_chip_generic.c.obj

[606/1056] Building C object esp-idf/spi_flash/CMakeFiles/__idf_spi_flash.dir/spi_flash_chip_issi.c.obj

[607/1056] Building C object esp-idf/spi_flash/CMakeFiles/__idf_spi_flash.dir/spi_flash_chip_mxic.c.obj

[608/1056] Building C object esp-idf/spi_flash/CMakeFiles/__idf_spi_flash.dir/spi_flash_chip_gd.c.obj

[609/1056] Building C object esp-idf/spi_flash/CMakeFiles/__idf_spi_flash.dir/spi_flash_chip_winbond.c.obj

[610/1056] Building C object esp-idf/spi_flash/CMakeFiles/__idf_spi_flash.dir/spi_flash_chip_boya.c.obj

[611/1056] Building C object esp-idf/spi_flash/CMakeFiles/__idf_spi_flash.dir/spi_flash_chip_mxic_opi.c.obj

[612/1056] Linking C static library esp-idf\esp_driver_sdmmc\libesp_driver_sdmmc.a

[613/1056] Building C object esp-idf/spi_flash/CMakeFiles/__idf_spi_flash.dir/spi_flash_chip_th.c.obj

[614/1056] Building C object esp-idf/spi_flash/CMakeFiles/__idf_spi_flash.dir/memspi_host_driver.c.obj

[615/1056] Building C object esp-idf/spi_flash/CMakeFiles/__idf_spi_flash.dir/cache_utils.c.obj

[616/1056] Building C object esp-idf/spi_flash/CMakeFiles/__idf_spi_flash.dir/flash_mmap.c.obj

[617/1056] Building C object esp-idf/spi_flash/CMakeFiles/__idf_spi_flash.dir/flash_ops.c.obj

[618/1056] Building C object esp-idf/spi_flash/CMakeFiles/__idf_spi_flash.dir/spi_flash_wrap.c.obj

[619/1056] Building C object esp-idf/spi_flash/CMakeFiles/__idf_spi_flash.dir/esp_flash_api.c.obj

[620/1056] Building C object esp-idf/spi_flash/CMakeFiles/__idf_spi_flash.dir/esp_flash_spi_init.c.obj

[621/1056] Building C object esp-idf/spi_flash/CMakeFiles/__idf_spi_flash.dir/spi_flash_os_func_app.c.obj

[622/1056] Building C object esp-idf/spi_flash/CMakeFiles/__idf_spi_flash.dir/spi_flash_os_func_noos.c.obj

[623/1056] Building C object esp-idf/esp_mm/CMakeFiles/__idf_esp_mm.dir/esp_mmu_map.c.obj

[624/1056] Building C object esp-idf/esp_mm/CMakeFiles/__idf_esp_mm.dir/port/esp32s3/ext_mem_layout.c.obj

[625/1056] Building C object esp-idf/esp_mm/CMakeFiles/__idf_esp_mm.dir/esp_cache_msync.c.obj

[626/1056] Building C object esp-idf/esp_mm/CMakeFiles/__idf_esp_mm.dir/esp_cache_utils.c.obj

[627/1056] Building C object esp-idf/esp_mm/CMakeFiles/__idf_esp_mm.dir/heap_align_hw.c.obj

[628/1056] Building C object esp-idf/bootloader_support/CMakeFiles/__idf_bootloader_support.dir/src/bootloader_common.c.obj

[629/1056] Building C object esp-idf/bootloader_support/CMakeFiles/__idf_bootloader_support.dir/src/bootloader_common_loader.c.obj

[630/1056] Building C object esp-idf/bootloader_support/CMakeFiles/__idf_bootloader_support.dir/src/bootloader_clock_init.c.obj

[631/1056] Building C object esp-idf/bootloader_support/CMakeFiles/__idf_bootloader_support.dir/src/bootloader_mem.c.obj

[632/1056] Building C object esp-idf/bootloader_support/CMakeFiles/__idf_bootloader_support.dir/src/bootloader_random.c.obj

[633/1056] Linking C static library esp-idf\sdmmc\libsdmmc.a

[634/1056] Building C object esp-idf/bootloader_support/CMakeFiles/__idf_bootloader_support.dir/src/bootloader_efuse.c.obj

[635/1056] Building C object esp-idf/bootloader_support/CMakeFiles/__idf_bootloader_support.dir/src/flash_encrypt.c.obj

[636/1056] Building C object esp-idf/bootloader_support/CMakeFiles/__idf_bootloader_support.dir/src/secure_boot.c.obj

[637/1056] Building C object esp-idf/bootloader_support/CMakeFiles/__idf_bootloader_support.dir/src/bootloader_random_esp32s3.c.obj

[638/1056] Building C object esp-idf/bootloader_support/CMakeFiles/__idf_bootloader_support.dir/bootloader_flash/src/bootloader_flash.c.obj

[639/1056] Building C object esp-idf/bootloader_support/CMakeFiles/__idf_bootloader_support.dir/bootloader_flash/src/flash_qio_mode.c.obj

[640/1056] Building C object esp-idf/bootloader_support/CMakeFiles/__idf_bootloader_support.dir/bootloader_flash/src/bootloader_flash_config_esp32s3.c.obj

[641/1056] Building C object esp-idf/bootloader_support/CMakeFiles/__idf_bootloader_support.dir/src/bootloader_utility.c.obj

[642/1056] Building C object esp-idf/bootloader_support/CMakeFiles/__idf_bootloader_support.dir/src/flash_partitions.c.obj

[643/1056] Building C object esp-idf/bootloader_support/CMakeFiles/__idf_bootloader_support.dir/src/esp_image_format.c.obj

[644/1056] Building C object esp-idf/bootloader_support/CMakeFiles/__idf_bootloader_support.dir/src/idf/bootloader_sha.c.obj

[645/1056] Building C object esp-idf/bootloader_support/CMakeFiles/__idf_bootloader_support.dir/src/esp32s3/secure_boot_secure_features.c.obj

[646/1056] Building C object esp-idf/efuse/CMakeFiles/__idf_efuse.dir/esp32s3/esp_efuse_table.c.obj

[647/1056] Building C object esp-idf/efuse/CMakeFiles/__idf_efuse.dir/esp32s3/esp_efuse_fields.c.obj

[648/1056] Building C object esp-idf/efuse/CMakeFiles/__idf_efuse.dir/esp32s3/esp_efuse_rtc_calib.c.obj

[649/1056] Building C object esp-idf/efuse/CMakeFiles/__idf_efuse.dir/esp32s3/esp_efuse_utility.c.obj

[650/1056] Building C object esp-idf/efuse/CMakeFiles/__idf_efuse.dir/src/esp_efuse_api.c.obj

[651/1056] Building C object esp-idf/efuse/CMakeFiles/__idf_efuse.dir/src/esp_efuse_fields.c.obj

[652/1056] Building C object esp-idf/efuse/CMakeFiles/__idf_efuse.dir/src/esp_efuse_utility.c.obj

[653/1056] Building C object esp-idf/efuse/CMakeFiles/__idf_efuse.dir/src/efuse_controller/keys/with_key_purposes/esp_efuse_api_key.c.obj

[654/1056] Linking C static library esp-idf\esp_driver_i2s\libesp_driver_i2s.a

[655/1056] Building C object esp-idf/efuse/CMakeFiles/__idf_efuse.dir/src/esp_efuse_startup.c.obj

[656/1056] Building C object esp-idf/esp_partition/CMakeFiles/__idf_esp_partition.dir/partition.c.obj

[657/1056] Building C object esp-idf/esp_partition/CMakeFiles/__idf_esp_partition.dir/partition_target.c.obj

[658/1056] Building C object esp-idf/app_update/CMakeFiles/__idf_app_update.dir/esp_ota_ops.c.obj

[659/1056] Building C object esp-idf/app_update/CMakeFiles/__idf_app_update.dir/esp_ota_app_desc.c.obj

[660/1056] Building C object esp-idf/esp_bootloader_format/CMakeFiles/__idf_esp_bootloader_format.dir/esp_bootloader_desc.c.obj

[661/1056] Building C object esp-idf/esp_app_format/CMakeFiles/__idf_esp_app_format.dir/esp_app_desc.c.obj

[662/1056] Building C object esp-idf/mbedtls/mbedtls/library/CMakeFiles/mbedtls.dir/debug.c.obj

[663/1056] Building C object esp-idf/mbedtls/mbedtls/library/CMakeFiles/mbedtls.dir/mps_reader.c.obj

[664/1056] Building C object esp-idf/mbedtls/mbedtls/library/CMakeFiles/mbedtls.dir/mps_trace.c.obj

[665/1056] Building C object esp-idf/mbedtls/mbedtls/library/CMakeFiles/mbedtls.dir/ssl_cache.c.obj

[666/1056] Building C object esp-idf/mbedtls/mbedtls/library/CMakeFiles/mbedtls.dir/ssl_ciphersuites.c.obj

[667/1056] Building C object esp-idf/mbedtls/mbedtls/library/CMakeFiles/mbedtls.dir/ssl_client.c.obj

[668/1056] Building C object esp-idf/mbedtls/mbedtls/library/CMakeFiles/mbedtls.dir/ssl_cookie.c.obj

[669/1056] Building C object esp-idf/mbedtls/mbedtls/library/CMakeFiles/mbedtls.dir/ssl_debug_helpers_generated.c.obj

[670/1056] Building C object esp-idf/mbedtls/mbedtls/library/CMakeFiles/mbedtls.dir/ssl_msg.c.obj

[671/1056] Building C object esp-idf/mbedtls/mbedtls/library/CMakeFiles/mbedtls.dir/ssl_ticket.c.obj

[672/1056] Building C object esp-idf/mbedtls/mbedtls/library/CMakeFiles/mbedtls.dir/ssl_tls.c.obj

[673/1056] Building C object esp-idf/mbedtls/mbedtls/library/CMakeFiles/mbedtls.dir/ssl_tls12_client.c.obj

[674/1056] Building C object esp-idf/mbedtls/mbedtls/library/CMakeFiles/mbedtls.dir/ssl_tls12_server.c.obj

[675/1056] Linking C static library esp-idf\esp_driver_mcpwm\libesp_driver_mcpwm.a

[676/1056] Building C object esp-idf/mbedtls/mbedtls/library/CMakeFiles/mbedtls.dir/ssl_tls13_keys.c.obj

[677/1056] Building C object esp-idf/mbedtls/mbedtls/library/CMakeFiles/mbedtls.dir/ssl_tls13_server.c.obj

[678/1056] Building C object esp-idf/mbedtls/mbedtls/library/CMakeFiles/mbedtls.dir/ssl_tls13_client.c.obj

[679/1056] Building C object esp-idf/mbedtls/mbedtls/library/CMakeFiles/mbedtls.dir/ssl_tls13_generic.c.obj

[680/1056] Building C object esp-idf/mbedtls/mbedtls/library/CMakeFiles/mbedtls.dir/D_/gongju/Espressif/frameworks/esp-idf-v5.4.4/components/mbedtls/port/mbedtls_debug.c.obj

[681/1056] Building C object esp-idf/mbedtls/mbedtls/library/CMakeFiles/mbedtls.dir/D_/gongju/Espressif/frameworks/esp-idf-v5.4.4/components/mbedtls/port/esp_platform_time.c.obj

[682/1056] Building C object esp-idf/mbedtls/mbedtls/library/CMakeFiles/mbedtls.dir/D_/gongju/Espressif/frameworks/esp-idf-v5.4.4/components/mbedtls/port/net_sockets.c.obj

[683/1056] Building C object esp-idf/mbedtls/mbedtls/library/CMakeFiles/mbedx509.dir/pkcs7.c.obj

[684/1056] Building C object esp-idf/mbedtls/mbedtls/library/CMakeFiles/mbedx509.dir/x509.c.obj

[685/1056] Building C object esp-idf/mbedtls/mbedtls/library/CMakeFiles/mbedx509.dir/x509_create.c.obj

[686/1056] Building C object esp-idf/mbedtls/mbedtls/library/CMakeFiles/mbedx509.dir/x509_crl.c.obj

[687/1056] Building C object esp-idf/mbedtls/mbedtls/library/CMakeFiles/mbedx509.dir/x509_crt.c.obj

[688/1056] Building C object esp-idf/mbedtls/mbedtls/library/CMakeFiles/mbedx509.dir/x509_csr.c.obj

[689/1056] Building C object esp-idf/mbedtls/mbedtls/library/CMakeFiles/mbedx509.dir/x509write.c.obj

[690/1056] Building C object esp-idf/mbedtls/mbedtls/library/CMakeFiles/mbedx509.dir/x509write_crt.c.obj

[691/1056] Building C object esp-idf/mbedtls/mbedtls/library/CMakeFiles/mbedx509.dir/x509write_csr.c.obj

[692/1056] Building C object esp-idf/mbedtls/mbedtls/library/CMakeFiles/mbedcrypto.dir/aes.c.obj

[693/1056] Building C object esp-idf/mbedtls/mbedtls/library/CMakeFiles/mbedcrypto.dir/aesni.c.obj

[694/1056] Building C object esp-idf/mbedtls/mbedtls/library/CMakeFiles/mbedcrypto.dir/aesce.c.obj

[695/1056] Building C object esp-idf/mbedtls/mbedtls/library/CMakeFiles/mbedcrypto.dir/aria.c.obj

[696/1056] Linking C static library esp-idf\esp_driver_spi\libesp_driver_spi.a

[697/1056] Building C object esp-idf/mbedtls/mbedtls/library/CMakeFiles/mbedcrypto.dir/asn1parse.c.obj

[698/1056] Building C object esp-idf/mbedtls/mbedtls/library/CMakeFiles/mbedcrypto.dir/asn1write.c.obj

[699/1056] Building C object esp-idf/mbedtls/mbedtls/library/CMakeFiles/mbedcrypto.dir/base64.c.obj

[700/1056] Building C object esp-idf/mbedtls/mbedtls/library/CMakeFiles/mbedcrypto.dir/bignum.c.obj

[701/1056] Building C object esp-idf/mbedtls/mbedtls/library/CMakeFiles/mbedcrypto.dir/bignum_core.c.obj

[702/1056] Building C object esp-idf/mbedtls/mbedtls/library/CMakeFiles/mbedcrypto.dir/bignum_mod.c.obj

[703/1056] Building C object esp-idf/mbedtls/mbedtls/library/CMakeFiles/mbedcrypto.dir/bignum_mod_raw.c.obj

[704/1056] Building C object esp-idf/mbedtls/mbedtls/library/CMakeFiles/mbedcrypto.dir/block_cipher.c.obj

[705/1056] Building C object esp-idf/mbedtls/mbedtls/library/CMakeFiles/mbedcrypto.dir/camellia.c.obj

[706/1056] Building C object esp-idf/mbedtls/mbedtls/library/CMakeFiles/mbedcrypto.dir/ccm.c.obj

[707/1056] Building C object esp-idf/mbedtls/mbedtls/library/CMakeFiles/mbedcrypto.dir/chacha20.c.obj

[708/1056] Building C object esp-idf/mbedtls/mbedtls/library/CMakeFiles/mbedcrypto.dir/chachapoly.c.obj

[709/1056] Building C object esp-idf/mbedtls/mbedtls/library/CMakeFiles/mbedcrypto.dir/cipher.c.obj

[710/1056] Building C object esp-idf/mbedtls/mbedtls/library/CMakeFiles/mbedcrypto.dir/cipher_wrap.c.obj

[711/1056] Building C object esp-idf/mbedtls/mbedtls/library/CMakeFiles/mbedcrypto.dir/constant_time.c.obj

[712/1056] Building C object esp-idf/mbedtls/mbedtls/library/CMakeFiles/mbedcrypto.dir/cmac.c.obj

[713/1056] Building C object esp-idf/mbedtls/mbedtls/library/CMakeFiles/mbedcrypto.dir/ctr_drbg.c.obj

[714/1056] Building C object esp-idf/mbedtls/mbedtls/library/CMakeFiles/mbedcrypto.dir/des.c.obj

[715/1056] Building C object esp-idf/mbedtls/mbedtls/library/CMakeFiles/mbedcrypto.dir/dhm.c.obj

[716/1056] Building C object esp-idf/mbedtls/mbedtls/library/CMakeFiles/mbedcrypto.dir/ecdh.c.obj

[717/1056] Linking C static library esp-idf\esp_driver_pcnt\libesp_driver_pcnt.a

[718/1056] Building C object esp-idf/mbedtls/mbedtls/library/CMakeFiles/mbedcrypto.dir/ecdsa.c.obj

[719/1056] Building C object esp-idf/mbedtls/mbedtls/library/CMakeFiles/mbedcrypto.dir/ecjpake.c.obj

[720/1056] Building C object esp-idf/mbedtls/mbedtls/library/CMakeFiles/mbedcrypto.dir/ecp.c.obj

[721/1056] Building C object esp-idf/mbedtls/mbedtls/library/CMakeFiles/mbedcrypto.dir/ecp_curves.c.obj

[722/1056] Building C object esp-idf/mbedtls/mbedtls/library/CMakeFiles/mbedcrypto.dir/ecp_curves_new.c.obj

[723/1056] Building C object esp-idf/mbedtls/mbedtls/library/CMakeFiles/mbedcrypto.dir/entropy.c.obj

[724/1056] Building C object esp-idf/mbedtls/mbedtls/library/CMakeFiles/mbedcrypto.dir/entropy_poll.c.obj

[725/1056] Building C object esp-idf/mbedtls/mbedtls/library/CMakeFiles/mbedcrypto.dir/error.c.obj

[726/1056] Building C object esp-idf/mbedtls/mbedtls/library/CMakeFiles/mbedcrypto.dir/gcm.c.obj

[727/1056] Building C object esp-idf/mbedtls/mbedtls/library/CMakeFiles/mbedcrypto.dir/hkdf.c.obj

[728/1056] Building C object esp-idf/mbedtls/mbedtls/library/CMakeFiles/mbedcrypto.dir/hmac_drbg.c.obj

[729/1056] Building C object esp-idf/mbedtls/mbedtls/library/CMakeFiles/mbedcrypto.dir/lmots.c.obj

[730/1056] Building C object esp-idf/mbedtls/mbedtls/library/CMakeFiles/mbedcrypto.dir/lms.c.obj

[731/1056] Building C object esp-idf/mbedtls/mbedtls/library/CMakeFiles/mbedcrypto.dir/md.c.obj

[732/1056] Building C object esp-idf/mbedtls/mbedtls/library/CMakeFiles/mbedcrypto.dir/md5.c.obj

[733/1056] Building C object esp-idf/mbedtls/mbedtls/library/CMakeFiles/mbedcrypto.dir/memory_buffer_alloc.c.obj

[734/1056] Building C object esp-idf/mbedtls/mbedtls/library/CMakeFiles/mbedcrypto.dir/nist_kw.c.obj

[735/1056] Building C object esp-idf/mbedtls/mbedtls/library/CMakeFiles/mbedcrypto.dir/oid.c.obj

[736/1056] Building C object esp-idf/mbedtls/mbedtls/library/CMakeFiles/mbedcrypto.dir/padlock.c.obj

[737/1056] Building C object esp-idf/mbedtls/mbedtls/library/CMakeFiles/mbedcrypto.dir/pem.c.obj

[738/1056] Linking C static library esp-idf\nvs_flash\libnvs_flash.a

[739/1056] Building C object esp-idf/mbedtls/mbedtls/library/CMakeFiles/mbedcrypto.dir/pk.c.obj

[740/1056] Building C object esp-idf/mbedtls/mbedtls/library/CMakeFiles/mbedcrypto.dir/pk_ecc.c.obj

[741/1056] Building C object esp-idf/mbedtls/mbedtls/library/CMakeFiles/mbedcrypto.dir/pk_wrap.c.obj

[742/1056] Building C object esp-idf/mbedtls/mbedtls/library/CMakeFiles/mbedcrypto.dir/pkcs12.c.obj

[743/1056] Building C object esp-idf/mbedtls/mbedtls/library/CMakeFiles/mbedcrypto.dir/pkcs5.c.obj

[744/1056] Building C object esp-idf/mbedtls/mbedtls/library/CMakeFiles/mbedcrypto.dir/pkparse.c.obj

[745/1056] Building C object esp-idf/mbedtls/mbedtls/library/CMakeFiles/mbedcrypto.dir/pkwrite.c.obj

[746/1056] Building C object esp-idf/mbedtls/mbedtls/library/CMakeFiles/mbedcrypto.dir/platform.c.obj

[747/1056] Building C object esp-idf/mbedtls/mbedtls/library/CMakeFiles/mbedcrypto.dir/platform_util.c.obj

[748/1056] Building C object esp-idf/mbedtls/mbedtls/library/CMakeFiles/mbedcrypto.dir/poly1305.c.obj

[749/1056] Building C object esp-idf/mbedtls/mbedtls/library/CMakeFiles/mbedcrypto.dir/psa_crypto.c.obj

[750/1056] Building C object esp-idf/mbedtls/mbedtls/library/CMakeFiles/mbedcrypto.dir/psa_crypto_aead.c.obj

[751/1056] Building C object esp-idf/mbedtls/mbedtls/library/CMakeFiles/mbedcrypto.dir/psa_crypto_cipher.c.obj

[752/1056] Building C object esp-idf/mbedtls/mbedtls/library/CMakeFiles/mbedcrypto.dir/psa_crypto_client.c.obj

[753/1056] Building C object esp-idf/mbedtls/mbedtls/library/CMakeFiles/mbedcrypto.dir/psa_crypto_driver_wrappers_no_static.c.obj

[754/1056] Building C object esp-idf/mbedtls/mbedtls/library/CMakeFiles/mbedcrypto.dir/psa_crypto_ecp.c.obj

[755/1056] Building C object esp-idf/mbedtls/mbedtls/library/CMakeFiles/mbedcrypto.dir/psa_crypto_ffdh.c.obj

[756/1056] Building C object esp-idf/mbedtls/mbedtls/library/CMakeFiles/mbedcrypto.dir/psa_crypto_hash.c.obj

[757/1056] Building C object esp-idf/mbedtls/mbedtls/library/CMakeFiles/mbedcrypto.dir/psa_crypto_mac.c.obj

[758/1056] Building C object esp-idf/mbedtls/mbedtls/library/CMakeFiles/mbedcrypto.dir/psa_crypto_pake.c.obj

[759/1056] Linking C static library esp-idf\esp_event\libesp_event.a

[760/1056] Building C object esp-idf/mbedtls/mbedtls/library/CMakeFiles/mbedcrypto.dir/psa_crypto_rsa.c.obj

[761/1056] Building C object esp-idf/mbedtls/mbedtls/library/CMakeFiles/mbedcrypto.dir/psa_crypto_se.c.obj

[762/1056] Building C object esp-idf/mbedtls/mbedtls/library/CMakeFiles/mbedcrypto.dir/psa_crypto_slot_management.c.obj

[763/1056] Building C object esp-idf/mbedtls/mbedtls/library/CMakeFiles/mbedcrypto.dir/psa_crypto_storage.c.obj

[764/1056] Building C object esp-idf/mbedtls/mbedtls/library/CMakeFiles/mbedcrypto.dir/psa_its_file.c.obj

[765/1056] Building C object esp-idf/mbedtls/mbedtls/library/CMakeFiles/mbedcrypto.dir/psa_util.c.obj

[766/1056] Building C object esp-idf/mbedtls/mbedtls/library/CMakeFiles/mbedcrypto.dir/ripemd160.c.obj

[767/1056] Building C object esp-idf/mbedtls/mbedtls/library/CMakeFiles/mbedcrypto.dir/rsa.c.obj

[768/1056] Building C object esp-idf/mbedtls/mbedtls/library/CMakeFiles/mbedcrypto.dir/rsa_alt_helpers.c.obj

[769/1056] Building C object esp-idf/mbedtls/mbedtls/library/CMakeFiles/mbedcrypto.dir/sha1.c.obj

[770/1056] Building C object esp-idf/mbedtls/mbedtls/library/CMakeFiles/mbedcrypto.dir/sha256.c.obj

[771/1056] Building C object esp-idf/mbedtls/mbedtls/library/CMakeFiles/mbedcrypto.dir/sha512.c.obj

[772/1056] Building C object esp-idf/mbedtls/mbedtls/library/CMakeFiles/mbedcrypto.dir/sha3.c.obj

[773/1056] Building C object esp-idf/mbedtls/mbedtls/library/CMakeFiles/mbedcrypto.dir/threading.c.obj

[774/1056] Building C object esp-idf/mbedtls/mbedtls/library/CMakeFiles/mbedcrypto.dir/timing.c.obj

[775/1056] Building C object esp-idf/mbedtls/mbedtls/library/CMakeFiles/mbedcrypto.dir/version.c.obj

[776/1056] Building C object esp-idf/mbedtls/mbedtls/library/CMakeFiles/mbedcrypto.dir/version_features.c.obj

[777/1056] Building C object esp-idf/mbedtls/mbedtls/library/CMakeFiles/mbedcrypto.dir/D_/gongju/Espressif/frameworks/esp-idf-v5.4.4/components/mbedtls/port/sha/dma/esp_sha_gdma_impl.c.obj

[778/1056] Building C object esp-idf/mbedtls/mbedtls/library/CMakeFiles/mbedcrypto.dir/D_/gongju/Espressif/frameworks/esp-idf-v5.4.4/components/mbedtls/port/aes/dma/esp_aes_gdma_impl.c.obj

[779/1056] Building C object esp-idf/mbedtls/mbedtls/library/CMakeFiles/mbedcrypto.dir/D_/gongju/Espressif/frameworks/esp-idf-v5.4.4/components/mbedtls/port/aes/dma/esp_aes_dma_core.c.obj

[780/1056] Linking C static library esp-idf\esp_driver_uart\libesp_driver_uart.a

[781/1056] Building C object esp-idf/mbedtls/mbedtls/library/CMakeFiles/mbedcrypto.dir/D_/gongju/Espressif/frameworks/esp-idf-v5.4.4/components/mbedtls/port/crypto_shared_gdma/esp_crypto_shared_gdma.c.obj

[782/1056] Building C object esp-idf/mbedtls/mbedtls/library/CMakeFiles/mbedcrypto.dir/D_/gongju/Espressif/frameworks/esp-idf-v5.4.4/components/mbedtls/port/esp_hardware.c.obj

[783/1056] Building C object esp-idf/mbedtls/mbedtls/library/CMakeFiles/mbedcrypto.dir/D_/gongju/Espressif/frameworks/esp-idf-v5.4.4/components/mbedtls/port/esp_mem.c.obj

[784/1056] Building C object esp-idf/mbedtls/mbedtls/library/CMakeFiles/mbedcrypto.dir/D_/gongju/Espressif/frameworks/esp-idf-v5.4.4/components/mbedtls/port/esp_timing.c.obj

[785/1056] Building C object esp-idf/mbedtls/mbedtls/library/CMakeFiles/mbedcrypto.dir/D_/gongju/Espressif/frameworks/esp-idf-v5.4.4/components/mbedtls/port/aes/esp_aes_xts.c.obj

[786/1056] Building C object esp-idf/mbedtls/mbedtls/library/CMakeFiles/mbedcrypto.dir/D_/gongju/Espressif/frameworks/esp-idf-v5.4.4/components/mbedtls/port/aes/esp_aes_common.c.obj

[787/1056] Building C object esp-idf/mbedtls/mbedtls/library/CMakeFiles/mbedcrypto.dir/D_/gongju/Espressif/frameworks/esp-idf-v5.4.4/components/mbedtls/port/aes/dma/esp_aes.c.obj

[788/1056] Building C object esp-idf/mbedtls/mbedtls/library/CMakeFiles/mbedcrypto.dir/D_/gongju/Espressif/frameworks/esp-idf-v5.4.4/components/mbedtls/port/sha/esp_sha.c.obj

[789/1056] Building C object esp-idf/mbedtls/mbedtls/library/CMakeFiles/mbedcrypto.dir/D_/gongju/Espressif/frameworks/esp-idf-v5.4.4/components/mbedtls/port/sha/dma/sha.c.obj

[790/1056] Building C object esp-idf/mbedtls/mbedtls/library/CMakeFiles/mbedcrypto.dir/D_/gongju/Espressif/frameworks/esp-idf-v5.4.4/components/mbedtls/port/esp_ds/esp_rsa_sign_alt.c.obj

[791/1056] Building C object esp-idf/mbedtls/mbedtls/library/CMakeFiles/mbedcrypto.dir/D_/gongju/Espressif/frameworks/esp-idf-v5.4.4/components/mbedtls/port/esp_ds/esp_rsa_dec_alt.c.obj

[792/1056] Building C object esp-idf/mbedtls/mbedtls/library/CMakeFiles/mbedcrypto.dir/D_/gongju/Espressif/frameworks/esp-idf-v5.4.4/components/mbedtls/port/esp_ds/esp_ds_common.c.obj

[793/1056] Building C object esp-idf/mbedtls/mbedtls/library/CMakeFiles/mbedcrypto.dir/D_/gongju/Espressif/frameworks/esp-idf-v5.4.4/components/mbedtls/port/bignum/esp_bignum.c.obj

[794/1056] Building C object esp-idf/mbedtls/mbedtls/library/CMakeFiles/mbedcrypto.dir/D_/gongju/Espressif/frameworks/esp-idf-v5.4.4/components/mbedtls/port/bignum/bignum_alt.c.obj

[795/1056] Building C object esp-idf/mbedtls/mbedtls/library/CMakeFiles/mbedcrypto.dir/D_/gongju/Espressif/frameworks/esp-idf-v5.4.4/components/mbedtls/port/sha/dma/esp_sha1.c.obj

[796/1056] Building C object esp-idf/mbedtls/mbedtls/library/CMakeFiles/mbedcrypto.dir/D_/gongju/Espressif/frameworks/esp-idf-v5.4.4/components/mbedtls/port/sha/dma/esp_sha256.c.obj

[797/1056] Building C object esp-idf/mbedtls/mbedtls/library/CMakeFiles/mbedcrypto.dir/D_/gongju/Espressif/frameworks/esp-idf-v5.4.4/components/mbedtls/port/sha/dma/esp_sha512.c.obj

[798/1056] Building C object esp-idf/mbedtls/mbedtls/library/CMakeFiles/mbedcrypto.dir/D_/gongju/Espressif/frameworks/esp-idf-v5.4.4/components/mbedtls/port/aes/esp_aes_gcm.c.obj

[799/1056] Building C object esp-idf/mbedtls/mbedtls/library/CMakeFiles/mbedcrypto.dir/D_/gongju/Espressif/frameworks/esp-idf-v5.4.4/components/mbedtls/port/md/esp_md.c.obj

[800/1056] Building C object esp-idf/mbedtls/mbedtls/3rdparty/p256-m/CMakeFiles/p256m.dir/p256-m_driver_entrypoints.c.obj

[801/1056] Linking C static library esp-idf\esp_ringbuf\libesp_ringbuf.a

[802/1056] Building C object esp-idf/mbedtls/mbedtls/3rdparty/p256-m/CMakeFiles/p256m.dir/p256-m/p256-m.c.obj

[803/1056] Building C object esp-idf/mbedtls/mbedtls/3rdparty/everest/CMakeFiles/everest.dir/library/everest.c.obj

[804/1056] Building C object esp-idf/mbedtls/mbedtls/3rdparty/everest/CMakeFiles/everest.dir/library/x25519.c.obj

[805/1056] Building C object esp-idf/mbedtls/mbedtls/3rdparty/everest/CMakeFiles/everest.dir/library/Hacl_Curve25519_joined.c.obj

[806/1056] Performing build step for 'bootloader'

[0/1] Re-running CMake...

-- Building ESP-IDF components for target esp32s3
-- Project sdkconfig file D:/aijiaohu/week1/firmware/esp32_imu/sdkconfig
-- Compiler supported targets: xtensa-esp-elf
-- Adding linker script D:/gongju/Espressif/frameworks/esp-idf-v5.4.4/components/soc/esp32s3/ld/esp32s3.peripherals.ld
-- Bootloader project name: "bootloader" version: 1
-- Adding linker script D:/gongju/Espressif/frameworks/esp-idf-v5.4.4/components/esp_rom/esp32s3/ld/esp32s3.rom.ld
-- Adding linker script D:/gongju/Espressif/frameworks/esp-idf-v5.4.4/components/esp_rom/esp32s3/ld/esp32s3.rom.api.ld
-- Adding linker script D:/gongju/Espressif/frameworks/esp-idf-v5.4.4/components/esp_rom/esp32s3/ld/esp32s3.rom.bt_funcs.ld
-- Adding linker script D:/gongju/Espressif/frameworks/esp-idf-v5.4.4/components/esp_rom/esp32s3/ld/esp32s3.rom.libgcc.ld
-- Adding linker script D:/gongju/Espressif/frameworks/esp-idf-v5.4.4/components/esp_rom/esp32s3/ld/esp32s3.rom.wdt.ld
-- Adding linker script D:/gongju/Espressif/frameworks/esp-idf-v5.4.4/components/esp_rom/esp32s3/ld/esp32s3.rom.version.ld
-- Adding linker script D:/gongju/Espressif/frameworks/esp-idf-v5.4.4/components/esp_rom/esp32s3/ld/esp32s3.rom.newlib.ld
-- Adding linker script D:/gongju/Espressif/frameworks/esp-idf-v5.4.4/components/esp_rom/esp32s3/ld/esp32s3.rom.newlib.ld
-- Adding linker script D:/gongju/Espressif/frameworks/esp-idf-v5.4.4/components/bootloader/subproject/main/ld/esp32s3/bootloader.ld
-- Adding linker script D:/gongju/Espressif/frameworks/esp-idf-v5.4.4/components/bootloader/subproject/main/ld/esp32s3/bootloader.rom.ld
-- Components: bootloader bootloader_support efuse esp_app_format esp_bootloader_format esp_common esp_hw_support esp_rom esp_security esp_system esptool_py freertos hal log main micro-ecc newlib partition_table soc spi_flash xtensa
-- Component paths: D:/gongju/Espressif/frameworks/esp-idf-v5.4.4/components/bootloader D:/gongju/Espressif/frameworks/esp-idf-v5.4.4/components/bootloader_support D:/gongju/Espressif/frameworks/esp-idf-v5.4.4/components/efuse D:/gongju/Espressif/frameworks/esp-idf-v5.4.4/components/esp_app_format D:/gongju/Espressif/frameworks/esp-idf-v5.4.4/components/esp_bootloader_format D:/gongju/Espressif/frameworks/esp-idf-v5.4.4/components/esp_common D:/gongju/Espressif/frameworks/esp-idf-v5.4.4/components/esp_hw_support D:/gongju/Espressif/frameworks/esp-idf-v5.4.4/components/esp_rom D:/gongju/Espressif/frameworks/esp-idf-v5.4.4/components/esp_security D:/gongju/Espressif/frameworks/esp-idf-v5.4.4/components/esp_system D:/gongju/Espressif/frameworks/esp-idf-v5.4.4/components/esptool_py D:/gongju/Espressif/frameworks/esp-idf-v5.4.4/components/freertos D:/gongju/Espressif/frameworks/esp-idf-v5.4.4/components/hal D:/gongju/Espressif/frameworks/esp-idf-v5.4.4/components/log D:/gongju/Espressif/frameworks/esp-idf-v5.4.4/components/bootloader/subproject/main D:/gongju/Espressif/frameworks/esp-idf-v5.4.4/components/bootloader/subproject/components/micro-ecc D:/gongju/Espressif/frameworks/esp-idf-v5.4.4/components/newlib D:/gongju/Espressif/frameworks/esp-idf-v5.4.4/components/partition_table D:/gongju/Espressif/frameworks/esp-idf-v5.4.4/components/soc D:/gongju/Espressif/frameworks/esp-idf-v5.4.4/components/spi_flash D:/gongju/Espressif/frameworks/esp-idf-v5.4.4/components/xtensa
-- Configuring done (171.1s)
-- Generating done (10.6s)
-- Build files have been written to: D:/aijiaohu/week1/firmware/esp32_imu/build/bootloader
[1/2] C:\windows\system32\cmd.exe /C "cd /D D:\aijiaohu\week1\firmware\esp32_imu\build\bootloader\esp-idf\esptool_py && D:\gongju\Espressif\python_env\idf5.4_py3.11_env\Scripts\python.exe D:/gongju/Espressif/frameworks/esp-idf-v5.4.4/components/partition_table/check_sizes.py --offset 0x8000 bootloader 0x0 D:/aijiaohu/week1/firmware/esp32_imu/build/bootloader/bootloader.bin"


Bootloader binary size 0x51c0 bytes. 0x2e40 bytes (36%) free.



[807/1056] No install step for 'bootloader'

[808/1056] Linking C static library esp-idf\esp_driver_gptimer\libesp_driver_gptimer.a

[809/1056] Completed 'bootloader'

[810/1056] Linking C static library esp-idf\esp_timer\libesp_timer.a

[811/1056] Linking C static library esp-idf\cxx\libcxx.a

[812/1056] Linking C static library esp-idf\pthread\libpthread.a

[813/1056] Linking C static library esp-idf\newlib\libnewlib.a

[814/1056] Linking C static library esp-idf\freertos\libfreertos.a

[815/1056] Linking C static library esp-idf\esp_hw_support\libesp_hw_support.a

[816/1056] Linking C static library esp-idf\esp_security\libesp_security.a

[817/1056] Linking C static library esp-idf\soc\libsoc.a

[818/1056] Linking C static library esp-idf\heap\libheap.a

[819/1056] Linking C static library esp-idf\log\liblog.a

[820/1056] Linking C static library esp-idf\hal\libhal.a

[821/1056] Linking C static library esp-idf\esp_rom\libesp_rom.a

[822/1056] Linking C static library esp-idf\esp_common\libesp_common.a

[823/1056] Linking C static library esp-idf\esp_system\libesp_system.a

[824/1056] Linking C static library esp-idf\spi_flash\libspi_flash.a

[825/1056] Linking C static library esp-idf\esp_mm\libesp_mm.a

[826/1056] Linking C static library esp-idf\bootloader_support\libbootloader_support.a

[827/1056] Linking C static library esp-idf\efuse\libefuse.a

[828/1056] Linking C static library esp-idf\esp_partition\libesp_partition.a

[829/1056] Linking C static library esp-idf\app_update\libapp_update.a

[830/1056] Linking C static library esp-idf\esp_bootloader_format\libesp_bootloader_format.a

[831/1056] Linking C static library esp-idf\esp_app_format\libesp_app_format.a

[832/1056] Linking CXX static library esp-idf\mbedtls\mbedtls\library\libmbedtls.a

[833/1056] Linking CXX static library esp-idf\mbedtls\mbedtls\library\libmbedx509.a

[834/1056] Linking CXX static library esp-idf\mbedtls\mbedtls\library\libmbedcrypto.a

[835/1056] Linking CXX static library esp-idf\mbedtls\mbedtls\3rdparty\p256-m\libp256m.a

[836/1056] Linking CXX static library esp-idf\mbedtls\mbedtls\3rdparty\everest\libeverest.a

[837/1056] Building C object esp-idf/xtensa/CMakeFiles/__idf_xtensa.dir/xt_trax.c.obj

[838/1056] Building C object esp-idf/mbedtls/CMakeFiles/__idf_mbedtls.dir/esp_crt_bundle/esp_crt_bundle.c.obj

[839/1056] Building C object esp-idf/console/CMakeFiles/__idf_console.dir/esp_console_repl_chip.c.obj

[840/1056] Building C object esp-idf/esp_driver_gpio/CMakeFiles/__idf_esp_driver_gpio.dir/src/rtc_io.c.obj

[841/1056] Building C object esp-idf/xtensa/CMakeFiles/__idf_xtensa.dir/xtensa_intr.c.obj

[842/1056] Building C object esp-idf/esp_driver_gpio/CMakeFiles/__idf_esp_driver_gpio.dir/src/dedic_gpio.c.obj

[843/1056] Building C object esp-idf/console/CMakeFiles/__idf_console.dir/split_argv.c.obj

[844/1056] Building C object esp-idf/esp_pm/CMakeFiles/__idf_esp_pm.dir/pm_locks.c.obj

[845/1056] Building C object esp-idf/console/CMakeFiles/__idf_console.dir/commands.c.obj

[846/1056] Building C object esp-idf/esp_pm/CMakeFiles/__idf_esp_pm.dir/pm_impl.c.obj

[847/1056] Building ASM object esp-idf/xtensa/CMakeFiles/__idf_xtensa.dir/xtensa_context.S.obj

[848/1056] Building ASM object esp-idf/xtensa/CMakeFiles/__idf_xtensa.dir/xtensa_vectors.S.obj

[849/1056] Building C object esp-idf/esp_driver_gpio/CMakeFiles/__idf_esp_driver_gpio.dir/src/gpio_pin_glitch_filter.c.obj

[850/1056] Building C object esp-idf/console/CMakeFiles/__idf_console.dir/argtable3/arg_dbl.c.obj

[851/1056] Building C object esp-idf/esp_driver_gpio/CMakeFiles/__idf_esp_driver_gpio.dir/src/gpio_glitch_filter_ops.c.obj

[852/1056] Building ASM object esp-idf/xtensa/CMakeFiles/__idf_xtensa.dir/xtensa_intr_asm.S.obj

[853/1056] Building C object esp-idf/esp_pm/CMakeFiles/__idf_esp_pm.dir/pm_trace.c.obj

[854/1056] Building C object esp-idf/console/CMakeFiles/__idf_console.dir/esp_console_common.c.obj

[855/1056] Building C object esp-idf/console/CMakeFiles/__idf_console.dir/argtable3/arg_cmd.c.obj

[856/1056] Building C object esp-idf/console/CMakeFiles/__idf_console.dir/argtable3/arg_date.c.obj

[857/1056] Building C object esp-idf/console/CMakeFiles/__idf_console.dir/linenoise/linenoise.c.obj

[858/1056] Building C object esp-idf/esp_driver_gpio/CMakeFiles/__idf_esp_driver_gpio.dir/src/gpio.c.obj

[859/1056] Building C object esp-idf/console/CMakeFiles/__idf_console.dir/argtable3/arg_dstr.c.obj

[860/1056] Building C object esp-idf/console/CMakeFiles/__idf_console.dir/argtable3/arg_lit.c.obj

[861/1056] Building C object esp-idf/console/CMakeFiles/__idf_console.dir/argtable3/arg_end.c.obj

[862/1056] Building C object esp-idf/console/CMakeFiles/__idf_console.dir/argtable3/arg_hashtable.c.obj

[863/1056] Building C object esp-idf/console/CMakeFiles/__idf_console.dir/argtable3/arg_file.c.obj

[864/1056] Building C object esp-idf/console/CMakeFiles/__idf_console.dir/argtable3/arg_int.c.obj

[865/1056] Building C object esp-idf/console/CMakeFiles/__idf_console.dir/argtable3/arg_rem.c.obj

[866/1056] Building C object esp-idf/console/CMakeFiles/__idf_console.dir/argtable3/arg_rex.c.obj

[867/1056] Building C object esp-idf/console/CMakeFiles/__idf_console.dir/argtable3/arg_utils.c.obj

[868/1056] Building C object esp-idf/protobuf-c/CMakeFiles/__idf_protobuf-c.dir/protobuf-c/protobuf-c/protobuf-c.c.obj

[869/1056] Building C object esp-idf/console/CMakeFiles/__idf_console.dir/argtable3/arg_str.c.obj

[870/1056] Building C object esp-idf/console/CMakeFiles/__idf_console.dir/argtable3/argtable3.c.obj

[871/1056] Building C object esp-idf/unity/CMakeFiles/__idf_unity.dir/unity/src/unity.c.obj

[872/1056] Building C object esp-idf/unity/CMakeFiles/__idf_unity.dir/unity_compat.c.obj

[873/1056] Building C object esp-idf/protocomm/CMakeFiles/__idf_protocomm.dir/src/transports/protocomm_httpd.c.obj

[874/1056] Building C object esp-idf/unity/CMakeFiles/__idf_unity.dir/unity_utils_memory.c.obj

[875/1056] Building C object esp-idf/unity/CMakeFiles/__idf_unity.dir/unity_runner.c.obj

[876/1056] Linking C static library esp-idf\mbedtls\libmbedtls.a

[877/1056] Building C object esp-idf/unity/CMakeFiles/__idf_unity.dir/unity_port_esp32.c.obj

[878/1056] Building C object esp-idf/unity/CMakeFiles/__idf_unity.dir/unity_utils_freertos.c.obj

[879/1056] Building C object esp-idf/unity/CMakeFiles/__idf_unity.dir/port/esp/unity_utils_memory_esp.c.obj

[880/1056] Building C object esp-idf/unity/CMakeFiles/__idf_unity.dir/unity_utils_cache.c.obj

[881/1056] Building C object esp-idf/protocomm/CMakeFiles/__idf_protocomm.dir/src/common/protocomm.c.obj

[882/1056] Building C object esp-idf/esp_https_server/CMakeFiles/__idf_esp_https_server.dir/src/https_server.c.obj

[883/1056] Building C object esp-idf/protocomm/CMakeFiles/__idf_protocomm.dir/src/security/security0.c.obj

[884/1056] Building C object esp-idf/protocomm/CMakeFiles/__idf_protocomm.dir/proto-c/constants.pb-c.c.obj

[885/1056] Building C object esp-idf/protocomm/CMakeFiles/__idf_protocomm.dir/src/security/security1.c.obj

[886/1056] Building C object esp-idf/protocomm/CMakeFiles/__idf_protocomm.dir/proto-c/sec0.pb-c.c.obj

[887/1056] Building C object esp-idf/protocomm/CMakeFiles/__idf_protocomm.dir/proto-c/sec1.pb-c.c.obj

[888/1056] Building C object esp-idf/protocomm/CMakeFiles/__idf_protocomm.dir/proto-c/sec2.pb-c.c.obj

[889/1056] Building C object esp-idf/protocomm/CMakeFiles/__idf_protocomm.dir/src/transports/protocomm_console.c.obj

[890/1056] Building C object esp-idf/protocomm/CMakeFiles/__idf_protocomm.dir/proto-c/session.pb-c.c.obj

[891/1056] Building C object esp-idf/protocomm/CMakeFiles/__idf_protocomm.dir/src/security/security2.c.obj

[892/1056] Building C object esp-idf/protocomm/CMakeFiles/__idf_protocomm.dir/src/crypto/srp6a/esp_srp.c.obj

[893/1056] Building C object esp-idf/protocomm/CMakeFiles/__idf_protocomm.dir/src/crypto/srp6a/esp_srp_mpi.c.obj

[894/1056] Building CXX object esp-idf/wear_levelling/CMakeFiles/__idf_wear_levelling.dir/Partition.cpp.obj

[895/1056] Building CXX object esp-idf/wear_levelling/CMakeFiles/__idf_wear_levelling.dir/SPI_Flash.cpp.obj

[896/1056] Building CXX object esp-idf/wear_levelling/CMakeFiles/__idf_wear_levelling.dir/WL_Ext_Perf.cpp.obj

[897/1056] Building CXX object esp-idf/wear_levelling/CMakeFiles/__idf_wear_levelling.dir/WL_Ext_Safe.cpp.obj

[898/1056] Linking C static library esp-idf\esp_pm\libesp_pm.a

[899/1056] Building CXX object esp-idf/wear_levelling/CMakeFiles/__idf_wear_levelling.dir/WL_Flash.cpp.obj

[900/1056] Building CXX object esp-idf/wear_levelling/CMakeFiles/__idf_wear_levelling.dir/wear_levelling.cpp.obj

[901/1056] Building C object esp-idf/json/CMakeFiles/__idf_json.dir/cJSON/cJSON.c.obj

[902/1056] Building C object esp-idf/json/CMakeFiles/__idf_json.dir/cJSON/cJSON_Utils.c.obj

[903/1056] Building C object esp-idf/espressif__esp_jpeg/CMakeFiles/__idf_espressif__esp_jpeg.dir/jpeg_decoder.c.obj

[904/1056] Building C object esp-idf/app_trace/CMakeFiles/__idf_app_trace.dir/app_trace.c.obj

[905/1056] Building C object esp-idf/app_trace/CMakeFiles/__idf_app_trace.dir/app_trace_util.c.obj

[906/1056] Building C object esp-idf/app_trace/CMakeFiles/__idf_app_trace.dir/host_file_io.c.obj

[907/1056] Building C object esp-idf/app_trace/CMakeFiles/__idf_app_trace.dir/port/port_uart.c.obj

[908/1056] Building C object esp-idf/cmock/CMakeFiles/__idf_cmock.dir/CMock/src/cmock.c.obj

[909/1056] Building C object esp-idf/esp_driver_cam/CMakeFiles/__idf_esp_driver_cam.dir/esp_cam_ctlr.c.obj

[910/1056] Building C object esp-idf/esp_driver_cam/CMakeFiles/__idf_esp_driver_cam.dir/dvp_share_ctrl.c.obj

[911/1056] Building C object esp-idf/esp_driver_cam/CMakeFiles/__idf_esp_driver_cam.dir/dvp/src/esp_cam_ctlr_dvp_gdma.c.obj

[912/1056] Building C object esp-idf/esp_driver_cam/CMakeFiles/__idf_esp_driver_cam.dir/dvp/src/esp_cam_ctlr_dvp_cam.c.obj

[913/1056] Building C object esp-idf/esp_eth/CMakeFiles/__idf_esp_eth.dir/src/esp_eth.c.obj

[914/1056] Building C object esp-idf/esp_eth/CMakeFiles/__idf_esp_eth.dir/src/phy/esp_eth_phy_802_3.c.obj

[915/1056] Building C object esp-idf/esp_eth/CMakeFiles/__idf_esp_eth.dir/src/esp_eth_netif_glue.c.obj

[916/1056] Building C object esp-idf/esp_hid/CMakeFiles/__idf_esp_hid.dir/src/esp_hidd.c.obj

[917/1056] Building C object esp-idf/esp_hid/CMakeFiles/__idf_esp_hid.dir/src/esp_hidh.c.obj

[918/1056] Building C object esp-idf/esp_hid/CMakeFiles/__idf_esp_hid.dir/src/esp_hid_common.c.obj

[919/1056] Building C object esp-idf/esp_lcd/CMakeFiles/__idf_esp_lcd.dir/src/esp_lcd_common.c.obj

[920/1056] Linking C static library esp-idf\esp_driver_gpio\libesp_driver_gpio.a

[921/1056] Building C object esp-idf/esp_lcd/CMakeFiles/__idf_esp_lcd.dir/src/esp_lcd_panel_io.c.obj

[922/1056] Building C object esp-idf/esp_lcd/CMakeFiles/__idf_esp_lcd.dir/src/esp_lcd_panel_nt35510.c.obj

[923/1056] Building C object esp-idf/esp_lcd/CMakeFiles/__idf_esp_lcd.dir/src/esp_lcd_panel_ssd1306.c.obj

[924/1056] Building C object esp-idf/esp_lcd/CMakeFiles/__idf_esp_lcd.dir/src/esp_lcd_panel_st7789.c.obj

[925/1056] Building C object esp-idf/esp_lcd/CMakeFiles/__idf_esp_lcd.dir/src/esp_lcd_panel_ops.c.obj

[926/1056] Building C object esp-idf/esp_lcd/CMakeFiles/__idf_esp_lcd.dir/i2c/esp_lcd_panel_io_i2c_v1.c.obj

[927/1056] Building C object esp-idf/esp_lcd/CMakeFiles/__idf_esp_lcd.dir/i2c/esp_lcd_panel_io_i2c_v2.c.obj

[928/1056] Building C object esp-idf/esp_lcd/CMakeFiles/__idf_esp_lcd.dir/spi/esp_lcd_panel_io_spi.c.obj

[929/1056] Building C object esp-idf/esp_lcd/CMakeFiles/__idf_esp_lcd.dir/i80/esp_lcd_panel_io_i80.c.obj

[930/1056] Building C object esp-idf/esp_lcd/CMakeFiles/__idf_esp_lcd.dir/rgb/esp_lcd_panel_rgb.c.obj

[931/1056] Building C object esp-idf/esp_local_ctrl/CMakeFiles/__idf_esp_local_ctrl.dir/src/esp_local_ctrl.c.obj

[932/1056] Building C object esp-idf/esp_local_ctrl/CMakeFiles/__idf_esp_local_ctrl.dir/src/esp_local_ctrl_handler.c.obj

[933/1056] Building C object esp-idf/esp_local_ctrl/CMakeFiles/__idf_esp_local_ctrl.dir/proto-c/esp_local_ctrl.pb-c.c.obj

[934/1056] Building C object esp-idf/esp_local_ctrl/CMakeFiles/__idf_esp_local_ctrl.dir/src/esp_local_ctrl_transport_httpd.c.obj

[935/1056] Building C object esp-idf/espcoredump/CMakeFiles/__idf_espcoredump.dir/src/core_dump_init.c.obj

[936/1056] Building C object esp-idf/espcoredump/CMakeFiles/__idf_espcoredump.dir/src/core_dump_common.c.obj

[937/1056] Building C object esp-idf/espcoredump/CMakeFiles/__idf_espcoredump.dir/src/core_dump_flash.c.obj

[938/1056] Building C object esp-idf/espcoredump/CMakeFiles/__idf_espcoredump.dir/src/core_dump_uart.c.obj

[939/1056] Building C object esp-idf/espcoredump/CMakeFiles/__idf_espcoredump.dir/src/core_dump_elf.c.obj

[940/1056] Building C object esp-idf/espcoredump/CMakeFiles/__idf_espcoredump.dir/src/core_dump_binary.c.obj

[941/1056] Building C object esp-idf/espcoredump/CMakeFiles/__idf_espcoredump.dir/src/core_dump_sha.c.obj

[942/1056] Linking C static library esp-idf\xtensa\libxtensa.a

[943/1056] Building C object esp-idf/espcoredump/CMakeFiles/__idf_espcoredump.dir/src/core_dump_crc.c.obj

[944/1056] Building C object esp-idf/espcoredump/CMakeFiles/__idf_espcoredump.dir/src/port/xtensa/core_dump_port.c.obj

[945/1056] Building ASM object esp-idf/espcoredump/CMakeFiles/__idf_espcoredump.dir/src/port/xtensa/core_dump_stack_switch.S.obj

[946/1056] Building C object esp-idf/fatfs/CMakeFiles/__idf_fatfs.dir/diskio/diskio.c.obj

[947/1056] Building C object esp-idf/fatfs/CMakeFiles/__idf_fatfs.dir/diskio/diskio_rawflash.c.obj

[948/1056] Building C object esp-idf/fatfs/CMakeFiles/__idf_fatfs.dir/diskio/diskio_wl.c.obj

[949/1056] Building C object esp-idf/fatfs/CMakeFiles/__idf_fatfs.dir/src/ff.c.obj

[950/1056] Building C object esp-idf/fatfs/CMakeFiles/__idf_fatfs.dir/src/ffunicode.c.obj

[951/1056] Building C object esp-idf/fatfs/CMakeFiles/__idf_fatfs.dir/port/freertos/ffsystem.c.obj

[952/1056] Building C object esp-idf/fatfs/CMakeFiles/__idf_fatfs.dir/diskio/diskio_sdmmc.c.obj

[953/1056] Building C object esp-idf/fatfs/CMakeFiles/__idf_fatfs.dir/vfs/vfs_fat.c.obj

[954/1056] Building C object esp-idf/fatfs/CMakeFiles/__idf_fatfs.dir/vfs/vfs_fat_sdmmc.c.obj

[955/1056] Building C object esp-idf/fatfs/CMakeFiles/__idf_fatfs.dir/vfs/vfs_fat_spiflash.c.obj

[956/1056] Building C object esp-idf/mqtt/CMakeFiles/__idf_mqtt.dir/esp-mqtt/mqtt_client.c.obj

[957/1056] Building C object esp-idf/mqtt/CMakeFiles/__idf_mqtt.dir/esp-mqtt/lib/mqtt_msg.c.obj

[958/1056] Building C object esp-idf/mqtt/CMakeFiles/__idf_mqtt.dir/esp-mqtt/lib/mqtt_outbox.c.obj

[959/1056] Building C object esp-idf/mqtt/CMakeFiles/__idf_mqtt.dir/esp-mqtt/lib/platform_esp32_idf.c.obj

[960/1056] Building C object esp-idf/nvs_sec_provider/CMakeFiles/__idf_nvs_sec_provider.dir/nvs_sec_provider.c.obj

[961/1056] Building C object esp-idf/perfmon/CMakeFiles/__idf_perfmon.dir/xtensa_perfmon_access.c.obj

[962/1056] Building C object esp-idf/perfmon/CMakeFiles/__idf_perfmon.dir/xtensa_perfmon_apis.c.obj

[963/1056] Building C object esp-idf/rt/CMakeFiles/__idf_rt.dir/FreeRTOS_POSIX_mqueue.c.obj

[964/1056] Linking C static library esp-idf\console\libconsole.a

[965/1056] Linking C static library esp-idf\protobuf-c\libprotobuf-c.a

[966/1056] Linking C static library esp-idf\unity\libunity.a

[967/1056] Linking C static library esp-idf\esp_https_server\libesp_https_server.a

[968/1056] Linking C static library esp-idf\wear_levelling\libwear_levelling.a

[969/1056] Linking C static library esp-idf\json\libjson.a

[970/1056] Building C object esp-idf/rt/CMakeFiles/__idf_rt.dir/FreeRTOS_POSIX_utils.c.obj

[971/1056] Building C object esp-idf/spiffs/CMakeFiles/__idf_spiffs.dir/spiffs_api.c.obj

[972/1056] Building C object esp-idf/spiffs/CMakeFiles/__idf_spiffs.dir/spiffs/src/spiffs_cache.c.obj

[973/1056] Building C object esp-idf/spiffs/CMakeFiles/__idf_spiffs.dir/spiffs/src/spiffs_check.c.obj

[974/1056] Building C object esp-idf/spiffs/CMakeFiles/__idf_spiffs.dir/spiffs/src/spiffs_gc.c.obj

[975/1056] Building C object esp-idf/spiffs/CMakeFiles/__idf_spiffs.dir/spiffs/src/spiffs_hydrogen.c.obj

[976/1056] Building C object esp-idf/spiffs/CMakeFiles/__idf_spiffs.dir/spiffs/src/spiffs_nucleus.c.obj

[977/1056] Building C object esp-idf/spiffs/CMakeFiles/__idf_spiffs.dir/esp_spiffs.c.obj

[978/1056] Building C object esp-idf/touch_element/CMakeFiles/__idf_touch_element.dir/touch_element.c.obj

[979/1056] Building C object esp-idf/touch_element/CMakeFiles/__idf_touch_element.dir/touch_button.c.obj

[980/1056] Building C object esp-idf/touch_element/CMakeFiles/__idf_touch_element.dir/touch_slider.c.obj

[981/1056] Building C object esp-idf/usb/CMakeFiles/__idf_usb.dir/hub.c.obj

[982/1056] Building C object esp-idf/usb/CMakeFiles/__idf_usb.dir/usb_phy.c.obj

[983/1056] Building C object esp-idf/wifi_provisioning/CMakeFiles/__idf_wifi_provisioning.dir/src/wifi_config.c.obj

[984/1056] Building C object esp-idf/wifi_provisioning/CMakeFiles/__idf_wifi_provisioning.dir/src/wifi_scan.c.obj

[985/1056] Building C object esp-idf/wifi_provisioning/CMakeFiles/__idf_wifi_provisioning.dir/src/wifi_ctrl.c.obj

[986/1056] Building C object esp-idf/wifi_provisioning/CMakeFiles/__idf_wifi_provisioning.dir/src/manager.c.obj

[987/1056] Building C object esp-idf/wifi_provisioning/CMakeFiles/__idf_wifi_provisioning.dir/src/handlers.c.obj

[988/1056] Building C object esp-idf/wifi_provisioning/CMakeFiles/__idf_wifi_provisioning.dir/src/scheme_console.c.obj

[989/1056] Building C object esp-idf/wifi_provisioning/CMakeFiles/__idf_wifi_provisioning.dir/proto-c/wifi_config.pb-c.c.obj

[990/1056] Building C object esp-idf/wifi_provisioning/CMakeFiles/__idf_wifi_provisioning.dir/proto-c/wifi_scan.pb-c.c.obj

[991/1056] Building C object esp-idf/wifi_provisioning/CMakeFiles/__idf_wifi_provisioning.dir/proto-c/wifi_ctrl.pb-c.c.obj

[992/1056] Building C object esp-idf/wifi_provisioning/CMakeFiles/__idf_wifi_provisioning.dir/proto-c/wifi_constants.pb-c.c.obj

[993/1056] Building C object esp-idf/wifi_provisioning/CMakeFiles/__idf_wifi_provisioning.dir/src/scheme_softap.c.obj

[994/1056] Linking C static library esp-idf\espressif__esp_jpeg\libespressif__esp_jpeg.a

[995/1056] Building C object esp-idf/touch_element/CMakeFiles/__idf_touch_element.dir/touch_matrix.c.obj

[996/1056] Building C object esp-idf/usb/CMakeFiles/__idf_usb.dir/enum.c.obj

[997/1056] Building C object esp-idf/usb/CMakeFiles/__idf_usb.dir/hcd_dwc.c.obj

[998/1056] Building C object esp-idf/espressif__esp32-camera/CMakeFiles/__idf_espressif__esp32-camera.dir/conversions/yuv.c.obj

[999/1056] Building C object esp-idf/usb/CMakeFiles/__idf_usb.dir/usb_host.c.obj

[1000/1056] Building C object esp-idf/usb/CMakeFiles/__idf_usb.dir/usbh.c.obj

[1001/1056] Building C object esp-idf/usb/CMakeFiles/__idf_usb.dir/usb_private.c.obj

[1002/1056] Building C object esp-idf/usb/CMakeFiles/__idf_usb.dir/usb_helpers.c.obj

[1003/1056] Building CXX object esp-idf/espressif__esp32-camera/CMakeFiles/__idf_espressif__esp32-camera.dir/conversions/to_jpg.cpp.obj

[1004/1056] Linking C static library esp-idf\protocomm\libprotocomm.a

[1005/1056] Building C object esp-idf/espressif__esp32-camera/CMakeFiles/__idf_espressif__esp32-camera.dir/conversions/to_bmp.c.obj

[1006/1056] Building CXX object esp-idf/espressif__esp32-camera/CMakeFiles/__idf_espressif__esp32-camera.dir/conversions/jpge.cpp.obj

[1007/1056] Building C object esp-idf/espressif__esp32-camera/CMakeFiles/__idf_espressif__esp32-camera.dir/driver/esp_camera.c.obj

[1008/1056] Building C object esp-idf/espressif__esp32-camera/CMakeFiles/__idf_espressif__esp32-camera.dir/driver/esp_camera_af.c.obj

[1009/1056] Building C object esp-idf/espressif__esp32-camera/CMakeFiles/__idf_espressif__esp32-camera.dir/driver/cam_hal.c.obj

[1010/1056] Building C object esp-idf/espressif__esp32-camera/CMakeFiles/__idf_espressif__esp32-camera.dir/driver/sensor.c.obj

[1011/1056] Building C object esp-idf/espressif__esp32-camera/CMakeFiles/__idf_espressif__esp32-camera.dir/sensors/ov2640.c.obj

[1012/1056] Building C object esp-idf/espressif__esp32-camera/CMakeFiles/__idf_espressif__esp32-camera.dir/sensors/ov3660.c.obj

[1013/1056] Building C object esp-idf/espressif__esp32-camera/CMakeFiles/__idf_espressif__esp32-camera.dir/sensors/ov5640.c.obj

[1014/1056] Building C object esp-idf/espressif__esp32-camera/CMakeFiles/__idf_espressif__esp32-camera.dir/sensors/ov5640_af.c.obj

[1015/1056] Building C object esp-idf/espressif__esp32-camera/CMakeFiles/__idf_espressif__esp32-camera.dir/sensors/ov7725.c.obj

[1016/1056] Building C object esp-idf/espressif__esp32-camera/CMakeFiles/__idf_espressif__esp32-camera.dir/sensors/ov7670.c.obj

[1017/1056] Building C object esp-idf/espressif__esp32-camera/CMakeFiles/__idf_espressif__esp32-camera.dir/sensors/nt99141.c.obj

[1018/1056] Building C object esp-idf/espressif__esp32-camera/CMakeFiles/__idf_espressif__esp32-camera.dir/sensors/gc0308.c.obj

[1019/1056] Building C object esp-idf/espressif__esp32-camera/CMakeFiles/__idf_espressif__esp32-camera.dir/sensors/gc2145.c.obj

[1020/1056] Building C object esp-idf/espressif__esp32-camera/CMakeFiles/__idf_espressif__esp32-camera.dir/sensors/gc032a.c.obj

[1021/1056] Building C object esp-idf/espressif__esp32-camera/CMakeFiles/__idf_espressif__esp32-camera.dir/sensors/bf3005.c.obj

[1022/1056] Building C object esp-idf/espressif__esp32-camera/CMakeFiles/__idf_espressif__esp32-camera.dir/sensors/bf20a6.c.obj

[1023/1056] Building C object esp-idf/espressif__esp32-camera/CMakeFiles/__idf_espressif__esp32-camera.dir/sensors/sc101iot.c.obj

[1024/1056] Building C object esp-idf/espressif__esp32-camera/CMakeFiles/__idf_espressif__esp32-camera.dir/sensors/sc030iot.c.obj

[1025/1056] Building C object esp-idf/espressif__esp32-camera/CMakeFiles/__idf_espressif__esp32-camera.dir/sensors/sc031gs.c.obj

[1026/1056] Building C object esp-idf/espressif__esp32-camera/CMakeFiles/__idf_espressif__esp32-camera.dir/sensors/mega_ccm.c.obj

[1027/1056] Building C object esp-idf/espressif__esp32-camera/CMakeFiles/__idf_espressif__esp32-camera.dir/sensors/hm1055.c.obj

[1028/1056] Building C object esp-idf/espressif__esp32-camera/CMakeFiles/__idf_espressif__esp32-camera.dir/sensors/hm0360.c.obj

[1029/1056] Building C object esp-idf/espressif__esp32-camera/CMakeFiles/__idf_espressif__esp32-camera.dir/target/esp32s3/ll_cam.c.obj

[1030/1056] Building C object esp-idf/espressif__esp32-camera/CMakeFiles/__idf_espressif__esp32-camera.dir/driver/sccb.c.obj

[1031/1056] Linking C static library esp-idf\app_trace\libapp_trace.a

[1032/1056] Linking C static library esp-idf\cmock\libcmock.a

[1033/1056] Linking C static library esp-idf\esp_driver_cam\libesp_driver_cam.a

[1034/1056] Linking C static library esp-idf\esp_eth\libesp_eth.a

[1035/1056] Linking C static library esp-idf\esp_hid\libesp_hid.a

[1036/1056] Linking C static library esp-idf\esp_lcd\libesp_lcd.a

[1037/1056] Linking C static library esp-idf\esp_local_ctrl\libesp_local_ctrl.a

[1038/1056] Linking C static library esp-idf\espcoredump\libespcoredump.a

[1039/1056] Linking C static library esp-idf\fatfs\libfatfs.a

[1040/1056] Linking C static library esp-idf\mqtt\libmqtt.a

[1041/1056] Linking C static library esp-idf\nvs_sec_provider\libnvs_sec_provider.a

[1042/1056] Linking C static library esp-idf\perfmon\libperfmon.a

[1043/1056] Linking C static library esp-idf\rt\librt.a

[1044/1056] Linking C static library esp-idf\spiffs\libspiffs.a

[1045/1056] Linking C static library esp-idf\touch_element\libtouch_element.a

[1046/1056] Linking C static library esp-idf\usb\libusb.a

[1047/1056] Building C object esp-idf/main/CMakeFiles/__idf_main.dir/main.c.obj

[1048/1056] Building C object esp-idf/main/CMakeFiles/__idf_main.dir/camera_stream.c.obj

[1049/1056] Linking C static library esp-idf\wifi_provisioning\libwifi_provisioning.a

[1050/1056] Linking C static library esp-idf\espressif__esp32-camera\libespressif__esp32-camera.a

[1051/1056] Linking C static library esp-idf\main\libmain.a

[1052/1056] Generating ld/sections.ld

[1053/1056] Linking CXX executable esp32_imu.elf

[1054/1056] Generating binary image from built executable

esptool.py v4.11.0


Creating esp32s3 image...


Merged 2 ELF sections


Successfully created esp32s3 image.


Generated D:/aijiaohu/week1/firmware/esp32_imu/build/esp32_imu.bin

[1055/1056] C:\windows\system32\cmd.exe /C "cd /D D:\aijiaohu\week1\firmware\esp32_imu\build\esp-idf\esptool_py && D:\gongju\Espressif\python_env\idf5.4_py3.11_env\Scripts\python.exe D:/gongju/Espressif/frameworks/esp-idf-v5.4.4/components/partition_table/check_sizes.py --offset 0x8000 partition --type app D:/aijiaohu/week1/firmware/esp32_imu/build/partition_table/partition-table.bin D:/aijiaohu/week1/firmware/esp32_imu/build/esp32_imu.bin"

esp32_imu.bin binary size 0xf3e80 bytes. Smallest app partition is 0x400000 bytes. 0x30c180 bytes (76%) free.




Project build complete. To flash, run:
 idf.py flash
or
 idf.py -p PORT flash
or
 python -m esptool --chip esp32s3 -b 460800 --before default_reset --after hard_reset write_flash --flash_mode dio --flash_size 8MB --flash_freq 80m 0x0 build\bootloader\bootloader.bin 0x8000 build\partition_table\partition-table.bin 0x10000 build\esp32_imu.bin
or from the "D:\aijiaohu\week1\firmware\esp32_imu\build" directory
 python -m esptool --chip esp32s3 -b 460800 --before default_reset --after hard_reset write_flash "@flash_args"
